Id,Explicitness,Target
0,NOT,
1,NOT,
2,NOT,
3,NOT,
4,NOT,
5,NOT,
6,NOT,
7,NOT,
8,NOT,
9,NOT,
10,EXPLICIT,INDIVIDUAL
11,NOT,
12,NOT,
13,NOT,
14,EXPLICIT,GROUP
15,NOT,
16,NOT,
17,NOT,
18,NOT,
19,NOT,
20,NOT,
21,NOT,
22,NOT,
23,IMPLICIT,INDIVIDUAL
24,NOT,
25,NOT,
26,NOT,
27,NOT,
28,IMPLICIT,INDIVIDUAL
29,NOT,
30,NOT,
31,NOT,
32,IMPLICIT,GROUP
33,NOT,
34,NOT,
35,NOT,
36,EXPLICIT,INDIVIDUAL
37,IMPLICIT,GROUP
38,NOT,
39,EXPLICIT,INDIVIDUAL
40,NOT,
41,NOT,
42,IMPLICIT,INDIVIDUAL
43,IMPLICIT,GROUP
44,EXPLICIT,INDIVIDUAL
45,IMPLICIT,INDIVIDUAL
46,NOT,
47,EXPLICIT,INDIVIDUAL
48,NOT,
49,NOT,
50,NOT,
51,NOT,
52,NOT,
53,NOT,
54,IMPLICIT,GROUP
55,NOT,
56,NOT,
57,IMPLICIT,GROUP
58,NOT,
59,NOT,
60,NOT,
61,NOT,
62,NOT,
63,EXPLICIT,GROUP
64,NOT,
65,NOT,
66,IMPLICIT,GROUP
67,EXPLICIT,OTHER
68,NOT,
69,EXPLICIT,INDIVIDUAL
70,NOT,
71,NOT,
72,NOT,
73,NOT,
74,NOT,
75,NOT,
76,NOT,
77,IMPLICIT,GROUP
78,NOT,
79,NOT,
80,NOT,
81,NOT,
82,EXPLICIT,INDIVIDUAL
83,NOT,
84,EXPLICIT,INDIVIDUAL
85,IMPLICIT,GROUP
86,NOT,
87,NOT,
88,NOT,
89,NOT,
90,EXPLICIT,GROUP
91,NOT,
92,NOT,
93,NOT,
94,NOT,
95,IMPLICIT,OTHER
96,NOT,
97,NOT,
98,NOT,
99,NOT,
100,NOT,
101,NOT,
102,NOT,
103,NOT,
104,NOT,
105,NOT,
106,NOT,
107,EXPLICIT,INDIVIDUAL
108,NOT,
109,IMPLICIT,GROUP
110,NOT,
111,NOT,
112,NOT,
113,NOT,
114,NOT,
115,NOT,
116,NOT,
117,EXPLICIT,GROUP
118,NOT,
119,NOT,
120,NOT,
121,NOT,
122,NOT,
123,NOT,
124,NOT,
125,EXPLICIT,INDIVIDUAL
126,NOT,
127,NOT,
128,IMPLICIT,INDIVIDUAL
129,NOT,
130,IMPLICIT,GROUP
131,NOT,
132,NOT,
133,NOT,
134,NOT,
135,NOT,
136,EXPLICIT,INDIVIDUAL
137,NOT,
138,NOT,
139,IMPLICIT,INDIVIDUAL
140,NOT,
141,NOT,
142,NOT,
143,NOT,
144,EXPLICIT,INDIVIDUAL
145,NOT,
146,IMPLICIT,INDIVIDUAL
147,EXPLICIT,GROUP
148,NOT,
149,NOT,
150,EXPLICIT,GROUP
151,NOT,
152,NOT,
153,NOT,
154,NOT,
155,NOT,
156,NOT,
157,NOT,
158,NOT,
159,NOT,
160,IMPLICIT,OTHER
161,NOT,
162,NOT,
163,NOT,
164,NOT,
165,EXPLICIT,GROUP
166,NOT,
167,NOT,
168,NOT,
169,EXPLICIT,GROUP
170,IMPLICIT,INDIVIDUAL
171,NOT,
172,EXPLICIT,INDIVIDUAL
173,NOT,
174,NOT,
175,NOT,
176,IMPLICIT,OTHER
177,NOT,
178,NOT,
179,NOT,
180,NOT,
181,NOT,
182,EXPLICIT,INDIVIDUAL
183,NOT,
184,NOT,
185,NOT,
186,NOT,
187,NOT,
188,NOT,
189,NOT,
190,NOT,
191,NOT,
192,NOT,
193,IMPLICIT,INDIVIDUAL
194,EXPLICIT,INDIVIDUAL
195,NOT,
196,NOT,
197,NOT,
198,NOT,
199,NOT,
200,NOT,
201,NOT,
202,NOT,
203,EXPLICIT,INDIVIDUAL
204,NOT,
205,EXPLICIT,GROUP
206,NOT,
207,NOT,
208,NOT,
209,NOT,
210,IMPLICIT,GROUP
211,NOT,
212,NOT,
213,NOT,
214,NOT,
215,NOT,
216,NOT,
217,NOT,
218,NOT,
219,NOT,
220,NOT,
221,NOT,
222,NOT,
223,NOT,
224,NOT,
225,NOT,
226,NOT,
227,NOT,
228,NOT,
229,NOT,
230,NOT,
231,NOT,
232,NOT,
233,NOT,
234,NOT,
235,NOT,
236,IMPLICIT,INDIVIDUAL
237,IMPLICIT,INDIVIDUAL
238,EXPLICIT,GROUP
239,NOT,
240,NOT,
241,IMPLICIT,GROUP
242,NOT,
243,NOT,
244,NOT,
245,NOT,
246,NOT,
247,NOT,
248,EXPLICIT,INDIVIDUAL
249,NOT,
250,NOT,
251,NOT,
252,NOT,
253,NOT,
254,NOT,
255,NOT,
256,NOT,
257,NOT,
258,EXPLICIT,INDIVIDUAL
259,NOT,
260,NOT,
261,NOT,
262,NOT,
263,NOT,
264,EXPLICIT,GROUP
265,EXPLICIT,INDIVIDUAL
266,NOT,
267,EXPLICIT,OTHER
268,NOT,
269,NOT,
270,EXPLICIT,INDIVIDUAL
271,EXPLICIT,INDIVIDUAL
272,NOT,
273,NOT,
274,NOT,
275,NOT,
276,NOT,
277,NOT,
278,NOT,
279,NOT,
280,NOT,
281,EXPLICIT,INDIVIDUAL
282,NOT,
283,NOT,
284,IMPLICIT,GROUP
285,IMPLICIT,INDIVIDUAL
286,IMPLICIT,OTHER
287,IMPLICIT,GROUP
288,EXPLICIT,GROUP
289,EXPLICIT,INDIVIDUAL
290,IMPLICIT,INDIVIDUAL
291,NOT,
292,EXPLICIT,INDIVIDUAL
293,NOT,
294,EXPLICIT,OTHER
295,NOT,
296,NOT,
297,NOT,
298,NOT,
299,IMPLICIT,INDIVIDUAL
300,NOT,
301,NOT,
302,EXPLICIT,INDIVIDUAL
303,NOT,
304,NOT,
305,NOT,
306,NOT,
307,NOT,
308,NOT,
309,NOT,
310,EXPLICIT,GROUP
311,NOT,
312,NOT,
313,NOT,
314,NOT,
315,NOT,
316,NOT,
317,NOT,
318,NOT,
319,NOT,
320,IMPLICIT,INDIVIDUAL
321,NOT,
322,NOT,
323,NOT,
324,NOT,
325,NOT,
326,EXPLICIT,INDIVIDUAL
327,NOT,
328,EXPLICIT,GROUP
329,NOT,
330,EXPLICIT,INDIVIDUAL
331,NOT,
332,EXPLICIT,INDIVIDUAL
333,NOT,
334,NOT,
335,NOT,
336,NOT,
337,NOT,
338,IMPLICIT,INDIVIDUAL
339,NOT,
340,NOT,
341,NOT,
342,NOT,
343,NOT,
344,NOT,
345,NOT,
346,EXPLICIT,INDIVIDUAL
347,IMPLICIT,GROUP
348,NOT,
349,NOT,
350,NOT,
351,NOT,
352,NOT,
353,NOT,
354,EXPLICIT,GROUP
355,EXPLICIT,OTHER
356,EXPLICIT,GROUP
357,EXPLICIT,OTHER
358,NOT,
359,NOT,
360,NOT,
361,NOT,
362,NOT,
363,NOT,
364,NOT,
365,NOT,
366,EXPLICIT,INDIVIDUAL
367,NOT,
368,NOT,
369,NOT,
370,NOT,
371,NOT,
372,NOT,
373,NOT,
374,EXPLICIT,OTHER
375,EXPLICIT,INDIVIDUAL
376,NOT,
377,NOT,
378,NOT,
379,NOT,
380,NOT,
381,NOT,
382,NOT,
383,NOT,
384,NOT,
385,NOT,
386,NOT,
387,NOT,
388,NOT,
389,NOT,
390,NOT,
391,EXPLICIT,GROUP
392,NOT,
393,NOT,
394,NOT,
395,NOT,
396,NOT,
397,NOT,
398,EXPLICIT,INDIVIDUAL
399,NOT,
400,NOT,
401,NOT,
402,NOT,
403,EXPLICIT,GROUP
404,NOT,
405,NOT,
406,NOT,
407,NOT,
408,IMPLICIT,GROUP
409,NOT,
410,NOT,
411,NOT,
412,NOT,
413,NOT,
414,NOT,
415,NOT,
416,NOT,
417,NOT,
418,NOT,
419,NOT,
420,NOT,
421,NOT,
422,NOT,
423,EXPLICIT,INDIVIDUAL
424,NOT,
425,NOT,
426,NOT,
427,NOT,
428,EXPLICIT,INDIVIDUAL
429,NOT,
430,NOT,
431,NOT,
432,NOT,
433,NOT,
434,NOT,
435,EXPLICIT,INDIVIDUAL
436,NOT,
437,NOT,
438,NOT,
439,NOT,
440,EXPLICIT,INDIVIDUAL
441,NOT,
442,EXPLICIT,INDIVIDUAL
443,IMPLICIT,INDIVIDUAL
444,NOT,
445,EXPLICIT,INDIVIDUAL
446,NOT,
447,NOT,
448,NOT,
449,NOT,
450,EXPLICIT,INDIVIDUAL
451,NOT,
452,NOT,
453,IMPLICIT,INDIVIDUAL
454,NOT,
455,NOT,
456,NOT,
457,NOT,
458,NOT,
459,NOT,
460,IMPLICIT,OTHER
461,IMPLICIT,INDIVIDUAL
462,NOT,
463,NOT,
464,NOT,
465,NOT,
466,NOT,
467,NOT,
468,NOT,
469,IMPLICIT,GROUP
470,NOT,
471,NOT,
472,NOT,
473,NOT,
474,NOT,
475,NOT,
476,EXPLICIT,INDIVIDUAL
477,NOT,
478,EXPLICIT,GROUP
479,NOT,
480,NOT,
481,NOT,
482,NOT,
483,IMPLICIT,INDIVIDUAL
484,NOT,
485,NOT,
486,NOT,
487,NOT,
488,NOT,
489,EXPLICIT,GROUP
490,IMPLICIT,GROUP
491,NOT,
492,NOT,
493,IMPLICIT,GROUP
494,NOT,
495,NOT,
496,NOT,
497,NOT,
498,NOT,
499,NOT,
500,EXPLICIT,OTHER
501,NOT,
502,IMPLICIT,GROUP
503,EXPLICIT,OTHER
504,NOT,
505,EXPLICIT,OTHER
506,IMPLICIT,INDIVIDUAL
507,NOT,
508,NOT,
509,NOT,
510,NOT,
511,NOT,
512,NOT,
513,NOT,
514,EXPLICIT,OTHER
515,NOT,
516,NOT,
517,EXPLICIT,INDIVIDUAL
518,NOT,
519,NOT,
520,NOT,
521,NOT,
522,NOT,
523,IMPLICIT,GROUP
524,NOT,
525,NOT,
526,NOT,
527,NOT,
528,NOT,
529,NOT,
530,EXPLICIT,INDIVIDUAL
531,NOT,
532,NOT,
533,EXPLICIT,INDIVIDUAL
534,NOT,
535,NOT,
536,NOT,
537,NOT,
538,NOT,
539,IMPLICIT,INDIVIDUAL
540,IMPLICIT,INDIVIDUAL
541,NOT,
542,EXPLICIT,GROUP
543,EXPLICIT,OTHER
544,NOT,
545,NOT,
546,NOT,
547,NOT,
548,NOT,
549,EXPLICIT,INDIVIDUAL
550,NOT,
551,EXPLICIT,OTHER
552,NOT,
553,NOT,
554,NOT,
555,NOT,
556,NOT,
557,NOT,
558,NOT,
559,IMPLICIT,GROUP
560,NOT,
561,NOT,
562,NOT,
563,NOT,
564,EXPLICIT,INDIVIDUAL
565,IMPLICIT,GROUP
566,EXPLICIT,INDIVIDUAL
567,NOT,
568,NOT,
569,NOT,
570,IMPLICIT,INDIVIDUAL
571,NOT,
572,NOT,
573,NOT,
574,NOT,
575,NOT,
576,NOT,
577,NOT,
578,NOT,
579,NOT,
580,NOT,
581,NOT,
582,IMPLICIT,INDIVIDUAL
583,NOT,
584,NOT,
585,NOT,
586,NOT,
587,EXPLICIT,GROUP
588,NOT,
589,NOT,
590,EXPLICIT,INDIVIDUAL
591,NOT,
592,EXPLICIT,GROUP
593,NOT,
594,EXPLICIT,GROUP
595,NOT,
596,NOT,
597,EXPLICIT,GROUP
598,IMPLICIT,INDIVIDUAL
599,NOT,
600,NOT,
601,NOT,
602,NOT,
603,NOT,
604,NOT,
605,NOT,
606,NOT,
607,NOT,
608,NOT,
609,NOT,
610,NOT,
611,NOT,
612,NOT,
613,IMPLICIT,GROUP
614,NOT,
615,NOT,
616,IMPLICIT,GROUP
617,NOT,
618,NOT,
619,NOT,
620,IMPLICIT,INDIVIDUAL
621,NOT,
622,NOT,
623,NOT,
624,NOT,
625,NOT,
626,NOT,
627,IMPLICIT,GROUP
628,EXPLICIT,GROUP
629,NOT,
630,EXPLICIT,INDIVIDUAL
631,EXPLICIT,INDIVIDUAL
632,NOT,
633,NOT,
634,NOT,
635,NOT,
636,NOT,
637,NOT,
638,NOT,
639,NOT,
640,NOT,
641,NOT,
642,NOT,
643,NOT,
644,NOT,
645,NOT,
646,NOT,
647,NOT,
648,NOT,
649,NOT,
650,NOT,
651,NOT,
652,NOT,
653,NOT,
654,NOT,
655,EXPLICIT,INDIVIDUAL
656,EXPLICIT,GROUP
657,NOT,
658,NOT,
659,NOT,
660,NOT,
661,NOT,
662,NOT,
663,NOT,
664,NOT,
665,IMPLICIT,INDIVIDUAL
666,NOT,
667,NOT,
668,NOT,
669,NOT,
670,NOT,
671,NOT,
672,EXPLICIT,INDIVIDUAL
673,NOT,
674,IMPLICIT,OTHER
675,NOT,
676,EXPLICIT,OTHER
677,NOT,
678,NOT,
679,NOT,
680,IMPLICIT,GROUP
681,NOT,
682,NOT,
683,NOT,
684,NOT,
685,EXPLICIT,OTHER
686,NOT,
687,NOT,
688,EXPLICIT,INDIVIDUAL
689,NOT,
690,NOT,
691,NOT,
692,NOT,
693,NOT,
694,NOT,
695,NOT,
696,NOT,
697,NOT,
698,NOT,
699,NOT,
700,NOT,
701,EXPLICIT,GROUP
702,NOT,
703,NOT,
704,NOT,
705,NOT,
706,EXPLICIT,INDIVIDUAL
707,NOT,
708,EXPLICIT,INDIVIDUAL
709,NOT,
710,NOT,
711,IMPLICIT,INDIVIDUAL
712,NOT,
713,IMPLICIT,INDIVIDUAL
714,NOT,
715,NOT,
716,NOT,
717,IMPLICIT,INDIVIDUAL
718,NOT,
719,NOT,
720,NOT,
721,NOT,
722,NOT,
723,NOT,
724,NOT,
725,NOT,
726,NOT,
727,EXPLICIT,INDIVIDUAL
728,IMPLICIT,GROUP
729,EXPLICIT,INDIVIDUAL
730,EXPLICIT,INDIVIDUAL
731,NOT,
732,EXPLICIT,GROUP
733,NOT,
734,NOT,
735,NOT,
736,EXPLICIT,INDIVIDUAL
737,NOT,
738,NOT,
739,NOT,
740,IMPLICIT,INDIVIDUAL
741,NOT,
742,EXPLICIT,INDIVIDUAL
743,IMPLICIT,INDIVIDUAL
744,NOT,
745,NOT,
746,NOT,
747,NOT,
748,NOT,
749,NOT,
750,NOT,
751,NOT,
752,NOT,
753,IMPLICIT,GROUP
754,NOT,
755,NOT,
756,NOT,
757,NOT,
758,EXPLICIT,GROUP
759,NOT,
760,NOT,
761,NOT,
762,NOT,
763,NOT,
764,NOT,
765,NOT,
766,NOT,
767,NOT,
768,NOT,
769,NOT,
770,EXPLICIT,INDIVIDUAL
771,EXPLICIT,GROUP
772,NOT,
773,EXPLICIT,GROUP
774,NOT,
775,NOT,
776,NOT,
777,NOT,
778,NOT,
779,NOT,
780,NOT,
781,NOT,
782,IMPLICIT,INDIVIDUAL
783,NOT,
784,NOT,
785,NOT,
786,IMPLICIT,GROUP
787,NOT,
788,NOT,
789,NOT,
790,NOT,
791,EXPLICIT,INDIVIDUAL
792,NOT,
793,NOT,
794,NOT,
795,NOT,
796,NOT,
797,NOT,
798,NOT,
799,NOT,
800,NOT,
801,EXPLICIT,GROUP
802,NOT,
803,IMPLICIT,INDIVIDUAL
804,NOT,
805,NOT,
806,NOT,
807,NOT,
808,IMPLICIT,INDIVIDUAL
809,NOT,
810,NOT,
811,NOT,
812,NOT,
813,NOT,
814,NOT,
815,NOT,
816,NOT,
817,NOT,
818,NOT,
819,NOT,
820,NOT,
821,NOT,
822,EXPLICIT,INDIVIDUAL
823,IMPLICIT,INDIVIDUAL
824,NOT,
825,NOT,
826,IMPLICIT,INDIVIDUAL
827,NOT,
828,EXPLICIT,INDIVIDUAL
829,NOT,
830,NOT,
831,NOT,
832,EXPLICIT,INDIVIDUAL
833,NOT,
834,NOT,
835,NOT,
836,NOT,
837,NOT,
838,NOT,
839,NOT,
840,NOT,
841,IMPLICIT,GROUP
842,NOT,
843,NOT,
844,EXPLICIT,GROUP
845,NOT,
846,NOT,
847,NOT,
848,NOT,
849,NOT,
850,NOT,
851,NOT,
852,NOT,
853,NOT,
854,EXPLICIT,INDIVIDUAL
855,NOT,
856,NOT,
857,NOT,
858,EXPLICIT,GROUP
859,NOT,
860,NOT,
861,NOT,
862,EXPLICIT,GROUP
863,NOT,
864,EXPLICIT,OTHER
865,NOT,
866,NOT,
867,NOT,
868,NOT,
869,NOT,
870,IMPLICIT,GROUP
871,IMPLICIT,INDIVIDUAL
872,NOT,
873,NOT,
874,NOT,
875,NOT,
876,NOT,
877,NOT,
878,NOT,
879,NOT,
880,NOT,
881,IMPLICIT,GROUP
882,NOT,
883,NOT,
884,NOT,
885,NOT,
886,NOT,
887,EXPLICIT,OTHER
888,NOT,
889,NOT,
890,NOT,
891,NOT,
892,NOT,
893,NOT,
894,NOT,
895,NOT,
896,NOT,
897,NOT,
898,NOT,
899,NOT,
900,NOT,INDIVIDUAL
901,NOT,
902,NOT,
903,IMPLICIT,INDIVIDUAL
904,NOT,
905,NOT,
906,NOT,
907,NOT,
908,NOT,
909,NOT,
910,IMPLICIT,GROUP
911,IMPLICIT,INDIVIDUAL
912,NOT,
913,EXPLICIT,INDIVIDUAL
914,EXPLICIT,INDIVIDUAL
915,NOT,
916,NOT,
917,EXPLICIT,INDIVIDUAL
918,NOT,
919,NOT,
920,NOT,
921,IMPLICIT,GROUP
922,NOT,
923,NOT,
924,NOT,
925,NOT,
926,NOT,
927,NOT,
928,EXPLICIT,INDIVIDUAL
929,NOT,
930,NOT,
931,NOT,
932,NOT,
933,NOT,
934,NOT,
935,NOT,
936,NOT,
937,NOT,
938,EXPLICIT,INDIVIDUAL
939,NOT,
940,NOT,
941,EXPLICIT,OTHER
942,NOT,
943,NOT,
944,EXPLICIT,INDIVIDUAL
945,NOT,
946,NOT,
947,NOT,
948,NOT,
949,EXPLICIT,INDIVIDUAL
950,NOT,
951,NOT,
952,IMPLICIT,INDIVIDUAL
953,NOT,
954,NOT,
955,NOT,
956,NOT,
957,NOT,
958,NOT,
959,NOT,
960,NOT,
961,NOT,
962,NOT,
963,NOT,
964,NOT,
965,NOT,
966,NOT,
967,NOT,
968,NOT,
969,NOT,
970,IMPLICIT,GROUP
971,NOT,
972,NOT,
973,NOT,
974,NOT,
975,NOT,
976,NOT,
977,NOT,
978,NOT,
979,NOT,
980,EXPLICIT,INDIVIDUAL
981,NOT,
982,IMPLICIT,GROUP
983,NOT,
984,NOT,
985,NOT,
986,NOT,
987,NOT,
988,NOT,
989,EXPLICIT,INDIVIDUAL
990,EXPLICIT,GROUP
991,NOT,
992,NOT,
993,NOT,
994,NOT,
995,NOT,
996,NOT,
997,NOT,
998,NOT,
999,NOT,
1000,NOT,
1001,NOT,
1002,NOT,
1003,NOT,
1004,NOT,
1005,EXPLICIT,INDIVIDUAL
1006,EXPLICIT,OTHER
1007,NOT,
1008,EXPLICIT,INDIVIDUAL
1009,NOT,
1010,NOT,
1011,IMPLICIT,OTHER
1012,NOT,
1013,NOT,
1014,NOT,
1015,NOT,
1016,NOT,
1017,NOT,
1018,NOT,
1019,NOT,
1020,NOT,
1021,NOT,
1022,NOT,
1023,EXPLICIT,GROUP
1024,NOT,
1025,NOT,
1026,NOT,
1027,NOT,
1028,NOT,
1029,NOT,
1030,NOT,
1031,NOT,
1032,NOT,
1033,EXPLICIT,INDIVIDUAL
1034,IMPLICIT,INDIVIDUAL
1035,NOT,
1036,NOT,
1037,IMPLICIT,OTHER
1038,NOT,
1039,NOT,
1040,NOT,
1041,NOT,
1042,NOT,
1043,NOT,
1044,NOT,
1045,NOT,
1046,NOT,
1047,EXPLICIT,INDIVIDUAL
1048,IMPLICIT,INDIVIDUAL
1049,NOT,
1050,NOT,
1051,EXPLICIT,INDIVIDUAL
1052,EXPLICIT,INDIVIDUAL
1053,NOT,
1054,NOT,
1055,IMPLICIT,GROUP
1056,NOT,
1057,NOT,
1058,IMPLICIT,INDIVIDUAL
1059,IMPLICIT,INDIVIDUAL
1060,NOT,
1061,NOT,
1062,NOT,
1063,EXPLICIT,GROUP
1064,IMPLICIT,GROUP
1065,NOT,
1066,NOT,
1067,EXPLICIT,INDIVIDUAL
1068,NOT,
1069,NOT,
1070,NOT,
1071,NOT,
1072,NOT,
1073,NOT,
1074,NOT,
1075,NOT,
1076,NOT,
1077,NOT,
1078,NOT,
1079,NOT,
1080,NOT,
1081,NOT,
1082,NOT,
1083,EXPLICIT,INDIVIDUAL
1084,NOT,
1085,EXPLICIT,INDIVIDUAL
1086,NOT,
1087,NOT,
1088,NOT,
1089,NOT,
1090,NOT,
1091,NOT,
1092,NOT,
1093,NOT,
1094,NOT,
1095,NOT,
1096,NOT,
1097,NOT,
1098,NOT,
1099,NOT,
1100,NOT,
1101,NOT,
1102,NOT,
1103,NOT,
1104,NOT,
1105,NOT,
1106,NOT,
1107,NOT,
1108,EXPLICIT,INDIVIDUAL
1109,NOT,
1110,NOT,
1111,NOT,
1112,NOT,
1113,NOT,
1114,EXPLICIT,INDIVIDUAL
1115,NOT,
1116,NOT,
1117,IMPLICIT,OTHER
1118,NOT,
1119,IMPLICIT,INDIVIDUAL
1120,NOT,
1121,NOT,
1122,NOT,
1123,NOT,
1124,EXPLICIT,INDIVIDUAL
1125,NOT,
1126,NOT,
1127,NOT,
1128,NOT,
1129,NOT,
1130,IMPLICIT,INDIVIDUAL
1131,NOT,
1132,NOT,
1133,NOT,
1134,NOT,
1135,NOT,
1136,NOT,
1137,NOT,
1138,NOT,
1139,NOT,
1140,NOT,
1141,NOT,
1142,IMPLICIT,GROUP
1143,NOT,
1144,NOT,
1145,NOT,
1146,NOT,
1147,NOT,
1148,EXPLICIT,INDIVIDUAL
1149,NOT,
1150,NOT,
1151,IMPLICIT,INDIVIDUAL
1152,EXPLICIT,INDIVIDUAL
1153,NOT,
1154,NOT,
1155,NOT,
1156,NOT,
1157,NOT,
1158,IMPLICIT,GROUP
1159,NOT,
1160,NOT,
1161,NOT,
1162,NOT,
1163,NOT,
1164,NOT,
1165,NOT,
1166,NOT,
1167,NOT,
1168,NOT,
1169,NOT,
1170,NOT,
1171,NOT,
1172,NOT,
1173,NOT,
1174,NOT,
1175,NOT,
1176,NOT,
1177,IMPLICIT,GROUP
1178,NOT,
1179,NOT,
1180,NOT,
1181,NOT,
1182,NOT,
1183,NOT,
1184,EXPLICIT,GROUP
1185,NOT,
1186,NOT,
1187,NOT,
1188,EXPLICIT,INDIVIDUAL
1189,NOT,
1190,NOT,
1191,EXPLICIT,OTHER
1192,NOT,
1193,NOT,
1194,NOT,
1195,NOT,
1196,NOT,
1197,IMPLICIT,GROUP
1198,NOT,
1199,NOT,
1200,NOT,
1201,NOT,
1202,NOT,
1203,NOT,
1204,NOT,
1205,EXPLICIT,INDIVIDUAL
1206,NOT,
1207,NOT,
1208,NOT,
1209,NOT,
1210,NOT,
1211,NOT,
1212,NOT,
1213,EXPLICIT,INDIVIDUAL
1214,EXPLICIT,INDIVIDUAL
1215,NOT,
1216,NOT,
1217,EXPLICIT,INDIVIDUAL
1218,NOT,
1219,NOT,
1220,NOT,
1221,NOT,
1222,NOT,
1223,NOT,
1224,NOT,
1225,NOT,
1226,NOT,
1227,NOT,
1228,NOT,
1229,NOT,
1230,NOT,
1231,NOT,
1232,NOT,
1233,NOT,
1234,NOT,
1235,NOT,
1236,EXPLICIT,GROUP
1237,NOT,
1238,IMPLICIT,OTHER
1239,NOT,
1240,NOT,
1241,NOT,
1242,NOT,
1243,IMPLICIT,GROUP
1244,NOT,
1245,NOT,
1246,EXPLICIT,INDIVIDUAL
1247,NOT,
1248,NOT,
1249,NOT,
1250,NOT,
1251,IMPLICIT,GROUP
1252,NOT,
1253,NOT,
1254,NOT,
1255,NOT,
1256,NOT,
1257,NOT,
1258,NOT,
1259,IMPLICIT,INDIVIDUAL
1260,NOT,
1261,NOT,
1262,NOT,
1263,EXPLICIT,INDIVIDUAL
1264,EXPLICIT,INDIVIDUAL
1265,NOT,
1266,NOT,
1267,EXPLICIT,INDIVIDUAL
1268,NOT,
1269,NOT,
1270,NOT,
1271,NOT,
1272,NOT,
1273,NOT,
1274,NOT,
1275,NOT,
1276,NOT,
1277,NOT,
1278,NOT,
1279,NOT,
1280,NOT,
1281,EXPLICIT,INDIVIDUAL
1282,NOT,
1283,NOT,
1284,EXPLICIT,OTHER
1285,IMPLICIT,INDIVIDUAL
1286,NOT,
1287,NOT,
1288,NOT,
1289,NOT,
1290,NOT,
1291,NOT,
1292,EXPLICIT,GROUP
1293,NOT,
1294,NOT,
1295,NOT,
1296,NOT,
1297,NOT,
1298,NOT,
1299,NOT,
1300,NOT,
1301,NOT,
1302,NOT,
1303,NOT,
1304,NOT,
1305,NOT,
1306,EXPLICIT,GROUP
1307,NOT,
1308,NOT,
1309,NOT,
1310,NOT,
1311,NOT,
1312,NOT,
1313,EXPLICIT,INDIVIDUAL
1314,NOT,
1315,EXPLICIT,INDIVIDUAL
1316,EXPLICIT,GROUP
1317,NOT,
1318,NOT,
1319,NOT,
1320,NOT,
1321,NOT,
1322,NOT,
1323,NOT,
1324,NOT,
1325,NOT,
1326,NOT,
1327,NOT,
1328,NOT,
1329,NOT,
1330,NOT,
1331,NOT,
1332,NOT,
1333,NOT,
1334,EXPLICIT,INDIVIDUAL
1335,EXPLICIT,GROUP
1336,NOT,
1337,NOT,
1338,NOT,
1339,NOT,
1340,NOT,
1341,NOT,
1342,NOT,
1343,EXPLICIT,INDIVIDUAL
1344,NOT,
1345,NOT,
1346,NOT,
1347,NOT,
1348,EXPLICIT,INDIVIDUAL
1349,NOT,
1350,NOT,
1351,NOT,
1352,NOT,
1353,IMPLICIT,GROUP
1354,EXPLICIT,INDIVIDUAL
1355,NOT,
1356,NOT,
1357,NOT,
1358,NOT,
1359,NOT,
1360,NOT,
1361,NOT,
1362,IMPLICIT,INDIVIDUAL
1363,NOT,
1364,NOT,
1365,NOT,
1366,NOT,
1367,NOT,
1368,NOT,
1369,EXPLICIT,INDIVIDUAL
1370,NOT,
1371,NOT,
1372,NOT,
1373,NOT,
1374,NOT,
1375,NOT,
1376,NOT,
1377,EXPLICIT,GROUP
1378,IMPLICIT,INDIVIDUAL
1379,NOT,
1380,NOT,
1381,NOT,
1382,NOT,
1383,EXPLICIT,GROUP
1384,NOT,
1385,NOT,
1386,NOT,
1387,NOT,
1388,NOT,
1389,NOT,
1390,NOT,
1391,NOT,
1392,NOT,
1393,NOT,
1394,NOT,
1395,NOT,
1396,NOT,
1397,NOT,
1398,IMPLICIT,GROUP
1399,NOT,
1400,NOT,
1401,IMPLICIT,INDIVIDUAL
1402,NOT,
1403,NOT,
1404,IMPLICIT,OTHER
1405,NOT,
1406,EXPLICIT,INDIVIDUAL
1407,NOT,
1408,NOT,
1409,EXPLICIT,INDIVIDUAL
1410,NOT,
1411,EXPLICIT,INDIVIDUAL
1412,IMPLICIT,INDIVIDUAL
1413,NOT,
1414,NOT,
1415,NOT,
1416,NOT,
1417,NOT,
1418,NOT,
1419,NOT,
1420,NOT,
1421,NOT,
1422,EXPLICIT,INDIVIDUAL
1423,NOT,
1424,NOT,
1425,EXPLICIT,INDIVIDUAL
1426,EXPLICIT,INDIVIDUAL
1427,NOT,
1428,EXPLICIT,INDIVIDUAL
1429,NOT,
1430,NOT,
1431,NOT,
1432,NOT,
1433,NOT,
1434,NOT,
1435,NOT,
1436,NOT,
1437,IMPLICIT,INDIVIDUAL
1438,EXPLICIT,INDIVIDUAL
1439,NOT,
1440,NOT,
1441,NOT,
1442,NOT,
1443,NOT,
1444,EXPLICIT,INDIVIDUAL
1445,NOT,
1446,EXPLICIT,INDIVIDUAL
1447,NOT,
1448,NOT,
1449,EXPLICIT,INDIVIDUAL
1450,NOT,
1451,EXPLICIT,INDIVIDUAL
1452,EXPLICIT,INDIVIDUAL
1453,NOT,
1454,NOT,
1455,EXPLICIT,OTHER
1456,EXPLICIT,INDIVIDUAL
1457,NOT,
1458,NOT,
1459,NOT,
1460,NOT,
1461,NOT,
1462,NOT,
1463,IMPLICIT,GROUP
1464,NOT,
1465,NOT,
1466,NOT,
1467,EXPLICIT,INDIVIDUAL
1468,NOT,
1469,NOT,
1470,NOT,
1471,NOT,
1472,NOT,
1473,NOT,
1474,NOT,
1475,NOT,
1476,NOT,
1477,NOT,
1478,NOT,
1479,NOT,
1480,NOT,
1481,NOT,
1482,IMPLICIT,GROUP
1483,NOT,
1484,NOT,
1485,NOT,
1486,NOT,
1487,NOT,
1488,NOT,
1489,NOT,
1490,EXPLICIT,INDIVIDUAL
1491,NOT,
1492,IMPLICIT,INDIVIDUAL
1493,EXPLICIT,INDIVIDUAL
1494,NOT,
1495,IMPLICIT,INDIVIDUAL
1496,NOT,
1497,NOT,
1498,NOT,
1499,NOT,
1500,NOT,
1501,NOT,
1502,EXPLICIT,GROUP
1503,NOT,
1504,NOT,
1505,NOT,
1506,NOT,
1507,NOT,
1508,NOT,
1509,NOT,
1510,EXPLICIT,OTHER
1511,IMPLICIT,GROUP
1512,NOT,
1513,NOT,
1514,NOT,
1515,NOT,
1516,NOT,
1517,NOT,
1518,NOT,
1519,NOT,
1520,EXPLICIT,GROUP
1521,NOT,
1522,IMPLICIT,INDIVIDUAL
1523,IMPLICIT,GROUP
1524,NOT,
1525,NOT,
1526,NOT,
1527,NOT,
1528,NOT,
1529,NOT,
1530,EXPLICIT,INDIVIDUAL
1531,NOT,
1532,NOT,
1533,NOT,
1534,NOT,
1535,NOT,
1536,NOT,
1537,NOT,
1538,NOT,
1539,EXPLICIT,GROUP
1540,NOT,
1541,NOT,
1542,NOT,
1543,IMPLICIT,GROUP
1544,NOT,
1545,NOT,
1546,IMPLICIT,GROUP
1547,NOT,
1548,NOT,
1549,IMPLICIT,GROUP
1550,NOT,
1551,EXPLICIT,INDIVIDUAL
1552,NOT,
1553,IMPLICIT,INDIVIDUAL
1554,NOT,
1555,NOT,
1556,IMPLICIT,INDIVIDUAL
1557,NOT,
1558,IMPLICIT,GROUP
1559,NOT,
1560,NOT,
1561,NOT,
1562,NOT,
1563,NOT,
1564,NOT,
1565,IMPLICIT,INDIVIDUAL
1566,NOT,
1567,IMPLICIT,INDIVIDUAL
1568,NOT,
1569,NOT,
1570,NOT,
1571,NOT,
1572,NOT,
1573,EXPLICIT,INDIVIDUAL
1574,EXPLICIT,INDIVIDUAL
1575,EXPLICIT,INDIVIDUAL
1576,NOT,
1577,NOT,
1578,NOT,
1579,NOT,
1580,NOT,
1581,NOT,
1582,NOT,
1583,NOT,
1584,NOT,
1585,NOT,
1586,NOT,
1587,NOT,
1588,NOT,
1589,NOT,
1590,NOT,
1591,EXPLICIT,INDIVIDUAL
1592,NOT,
1593,NOT,
1594,IMPLICIT,INDIVIDUAL
1595,NOT,
1596,NOT,
1597,NOT,
1598,NOT,
1599,NOT,
1600,NOT,
1601,NOT,
1602,NOT,
1603,NOT,
1604,NOT,
1605,NOT,
1606,NOT,
1607,NOT,
1608,EXPLICIT,GROUP
1609,NOT,
1610,NOT,
1611,NOT,
1612,NOT,
1613,NOT,
1614,NOT,
1615,IMPLICIT,INDIVIDUAL
1616,NOT,
1617,NOT,
1618,NOT,
1619,IMPLICIT,GROUP
1620,NOT,
1621,NOT,
1622,EXPLICIT,GROUP
1623,NOT,
1624,NOT,
1625,NOT,
1626,NOT,
1627,IMPLICIT,INDIVIDUAL
1628,NOT,
1629,NOT,
1630,NOT,
1631,EXPLICIT,INDIVIDUAL
1632,NOT,
1633,NOT,
1634,IMPLICIT,GROUP
1635,NOT,
1636,NOT,
1637,NOT,
1638,NOT,
1639,EXPLICIT,INDIVIDUAL
1640,NOT,
1641,NOT,
1642,EXPLICIT,GROUP
1643,EXPLICIT,GROUP
1644,NOT,
1645,NOT,
1646,NOT,
1647,NOT,
1648,NOT,
1649,NOT,
1650,NOT,
1651,NOT,
1652,NOT,
1653,NOT,
1654,EXPLICIT,OTHER
1655,NOT,
1656,NOT,
1657,NOT,
1658,NOT,
1659,NOT,
1660,NOT,
1661,NOT,
1662,NOT,
1663,NOT,
1664,NOT,
1665,NOT,
1666,NOT,
1667,EXPLICIT,INDIVIDUAL
1668,NOT,
1669,NOT,
1670,NOT,
1671,NOT,
1672,EXPLICIT,INDIVIDUAL
1673,IMPLICIT,INDIVIDUAL
1674,NOT,
1675,NOT,
1676,NOT,
1677,NOT,
1678,NOT,
1679,NOT,
1680,NOT,
1681,NOT,
1682,NOT,
1683,NOT,
1684,NOT,
1685,EXPLICIT,OTHER
1686,NOT,
1687,NOT,
1688,IMPLICIT,INDIVIDUAL
1689,NOT,
1690,NOT,
1691,NOT,
1692,NOT,
1693,IMPLICIT,INDIVIDUAL
1694,NOT,
1695,NOT,
1696,NOT,
1697,NOT,
1698,EXPLICIT,INDIVIDUAL
1699,NOT,
1700,NOT,
1701,NOT,
1702,NOT,
1703,NOT,
1704,EXPLICIT,GROUP
1705,NOT,
1706,NOT,
1707,NOT,
1708,EXPLICIT,INDIVIDUAL
1709,NOT,
1710,IMPLICIT,INDIVIDUAL
1711,NOT,
1712,NOT,
1713,NOT,
1714,NOT,
1715,EXPLICIT,INDIVIDUAL
1716,NOT,
1717,NOT,
1718,EXPLICIT,INDIVIDUAL
1719,NOT,
1720,EXPLICIT,GROUP
1721,IMPLICIT,INDIVIDUAL
1722,NOT,
1723,IMPLICIT,GROUP
1724,NOT,
1725,EXPLICIT,INDIVIDUAL
1726,NOT,
1727,NOT,
1728,NOT,
1729,NOT,
1730,NOT,
1731,NOT,
1732,EXPLICIT,GROUP
1733,NOT,
1734,NOT,
1735,NOT,
1736,NOT,
1737,NOT,
1738,NOT,
1739,NOT,
1740,EXPLICIT,INDIVIDUAL
1741,NOT,
1742,NOT,
1743,NOT,
1744,NOT,
1745,NOT,
1746,NOT,
1747,NOT,
1748,NOT,
1749,NOT,
1750,IMPLICIT,GROUP
1751,EXPLICIT,INDIVIDUAL
1752,NOT,
1753,NOT,
1754,NOT,
1755,NOT,
1756,NOT,
1757,NOT,
1758,NOT,
1759,NOT,
1760,NOT,
1761,NOT,
1762,NOT,
1763,EXPLICIT,INDIVIDUAL
1764,NOT,
1765,NOT,
1766,NOT,
1767,NOT,
1768,NOT,
1769,NOT,
1770,NOT,
1771,NOT,
1772,IMPLICIT,INDIVIDUAL
1773,NOT,
1774,NOT,
1775,NOT,
1776,NOT,
1777,NOT,
1778,NOT,
1779,NOT,
1780,EXPLICIT,GROUP
1781,IMPLICIT,INDIVIDUAL
1782,NOT,
1783,EXPLICIT,GROUP
1784,NOT,
1785,NOT,
1786,EXPLICIT,INDIVIDUAL
1787,NOT,
1788,NOT,
1789,NOT,
1790,EXPLICIT,INDIVIDUAL
1791,IMPLICIT,GROUP
1792,EXPLICIT,OTHER
1793,NOT,
1794,NOT,
1795,NOT,
1796,NOT,
1797,NOT,
1798,NOT,
1799,EXPLICIT,GROUP
1800,NOT,
1801,NOT,
1802,NOT,
1803,IMPLICIT,GROUP
1804,NOT,
1805,NOT,
1806,NOT,
1807,NOT,
1808,NOT,
1809,NOT,
1810,NOT,
1811,NOT,
1812,NOT,
1813,NOT,
1814,EXPLICIT,INDIVIDUAL
1815,NOT,
1816,NOT,
1817,NOT,
1818,NOT,
1819,NOT,
1820,NOT,
1821,NOT,
1822,NOT,
1823,NOT,
1824,NOT,
1825,NOT,
1826,NOT,
1827,NOT,
1828,NOT,
1829,NOT,
1830,EXPLICIT,GROUP
1831,IMPLICIT,INDIVIDUAL
1832,NOT,
1833,NOT,
1834,NOT,
1835,NOT,
1836,NOT,
1837,NOT,
1838,NOT,
1839,NOT,
1840,NOT,
1841,NOT,
1842,NOT,
1843,NOT,
1844,NOT,
1845,NOT,
1846,NOT,
1847,NOT,
1848,NOT,
1849,NOT,
1850,NOT,
1851,NOT,
1852,NOT,
1853,NOT,
1854,NOT,
1855,NOT,
1856,NOT,
1857,NOT,
1858,NOT,
1859,NOT,
1860,EXPLICIT,GROUP
1861,EXPLICIT,GROUP
1862,IMPLICIT,INDIVIDUAL
1863,NOT,
1864,NOT,
1865,NOT,
1866,NOT,
1867,NOT,
1868,NOT,
1869,NOT,
1870,NOT,
1871,NOT,
1872,NOT,
1873,NOT,
1874,NOT,
1875,EXPLICIT,GROUP
1876,NOT,
1877,NOT,
1878,IMPLICIT,INDIVIDUAL
1879,NOT,
1880,NOT,
1881,NOT,
1882,NOT,
1883,NOT,
1884,NOT,
1885,EXPLICIT,INDIVIDUAL
1886,IMPLICIT,INDIVIDUAL
1887,NOT,
1888,EXPLICIT,GROUP
1889,NOT,
1890,EXPLICIT,INDIVIDUAL
1891,NOT,
1892,EXPLICIT,OTHER
1893,NOT,
1894,NOT,
1895,NOT,
1896,NOT,
1897,NOT,
1898,NOT,
1899,NOT,
1900,NOT,
1901,EXPLICIT,INDIVIDUAL
1902,NOT,
1903,NOT,
1904,NOT,
1905,EXPLICIT,INDIVIDUAL
1906,NOT,
1907,NOT,
1908,NOT,
1909,NOT,
1910,NOT,
1911,NOT,
1912,NOT,
1913,NOT,
1914,EXPLICIT,INDIVIDUAL
1915,EXPLICIT,GROUP
1916,NOT,
1917,NOT,
1918,NOT,
1919,EXPLICIT,OTHER
1920,NOT,
1921,NOT,
1922,NOT,
1923,NOT,
1924,NOT,
1925,NOT,
1926,NOT,
1927,NOT,
1928,NOT,
1929,EXPLICIT,OTHER
1930,NOT,
1931,NOT,
1932,EXPLICIT,GROUP
1933,NOT,
1934,NOT,
1935,NOT,
1936,EXPLICIT,INDIVIDUAL
1937,NOT,
1938,NOT,
1939,IMPLICIT,INDIVIDUAL
1940,NOT,
1941,NOT,
1942,NOT,
1943,NOT,
1944,EXPLICIT,GROUP
1945,NOT,
1946,NOT,
1947,NOT,
1948,NOT,
1949,NOT,
1950,NOT,
1951,NOT,
1952,NOT,
1953,NOT,
1954,NOT,
1955,NOT,
1956,NOT,
1957,NOT,
1958,NOT,
1959,NOT,
1960,IMPLICIT,INDIVIDUAL
1961,IMPLICIT,INDIVIDUAL
1962,NOT,
1963,NOT,
1964,NOT,
1965,NOT,
1966,EXPLICIT,INDIVIDUAL
1967,NOT,
1968,NOT,
1969,NOT,
1970,NOT,
1971,EXPLICIT,OTHER
1972,EXPLICIT,OTHER
1973,NOT,
1974,NOT,
1975,NOT,
1976,NOT,
1977,NOT,
1978,NOT,
1979,NOT,
1980,NOT,
1981,NOT,
1982,NOT,
1983,NOT,
1984,IMPLICIT,INDIVIDUAL
1985,NOT,
1986,NOT,
1987,NOT,
1988,NOT,
1989,NOT,
1990,IMPLICIT,INDIVIDUAL
1991,NOT,
1992,NOT,
1993,IMPLICIT,GROUP
1994,IMPLICIT,INDIVIDUAL
1995,NOT,
1996,NOT,
1997,NOT,
1998,NOT,
1999,NOT,
2000,EXPLICIT,GROUP
2001,EXPLICIT,INDIVIDUAL
2002,EXPLICIT,INDIVIDUAL
2003,NOT,
2004,NOT,
2005,NOT,
2006,NOT,
2007,IMPLICIT,GROUP
2008,EXPLICIT,INDIVIDUAL
2009,EXPLICIT,INDIVIDUAL
2010,NOT,
2011,EXPLICIT,GROUP
2012,EXPLICIT,INDIVIDUAL
2013,NOT,
2014,NOT,
2015,NOT,
2016,NOT,
2017,NOT,
2018,NOT,
2019,NOT,
2020,NOT,
2021,NOT,
2022,NOT,
2023,NOT,
2024,NOT,
2025,NOT,
2026,NOT,
2027,NOT,
2028,NOT,
2029,NOT,
2030,NOT,
2031,NOT,
2032,EXPLICIT,INDIVIDUAL
2033,NOT,
2034,NOT,
2035,NOT,
2036,NOT,
2037,NOT,
2038,NOT,
2039,NOT,
2040,NOT,
2041,NOT,
2042,NOT,
2043,EXPLICIT,GROUP
2044,EXPLICIT,OTHER
2045,EXPLICIT,GROUP
2046,NOT,
2047,NOT,
2048,NOT,
2049,IMPLICIT,GROUP
2050,IMPLICIT,OTHER
2051,NOT,
2052,NOT,
2053,NOT,
2054,NOT,
2055,NOT,
2056,NOT,
2057,NOT,
2058,EXPLICIT,OTHER
2059,NOT,
2060,EXPLICIT,INDIVIDUAL
2061,NOT,
2062,NOT,
2063,NOT,
2064,NOT,
2065,NOT,
2066,NOT,
2067,NOT,
2068,NOT,
2069,IMPLICIT,INDIVIDUAL
2070,NOT,
2071,NOT,
2072,NOT,
2073,NOT,
2074,NOT,
2075,NOT,
2076,NOT,
2077,NOT,
2078,NOT,
2079,NOT,
2080,NOT,
2081,NOT,
2082,NOT,
2083,EXPLICIT,INDIVIDUAL
2084,NOT,
2085,NOT,
2086,NOT,
2087,NOT,
2088,NOT,
2089,NOT,
2090,NOT,
2091,NOT,
2092,NOT,
2093,NOT,
2094,NOT,
2095,NOT,
2096,NOT,
2097,NOT,
2098,NOT,
2099,NOT,
2100,NOT,
2101,NOT,
2102,NOT,
2103,NOT,
2104,EXPLICIT,OTHER
2105,IMPLICIT,GROUP
2106,NOT,
2107,NOT,
2108,NOT,
2109,NOT,
2110,NOT,
2111,NOT,
2112,NOT,
2113,IMPLICIT,GROUP
2114,EXPLICIT,INDIVIDUAL
2115,NOT,
2116,NOT,
2117,EXPLICIT,INDIVIDUAL
2118,NOT,
2119,EXPLICIT,INDIVIDUAL
2120,NOT,
2121,NOT,
2122,NOT,
2123,NOT,
2124,IMPLICIT,INDIVIDUAL
2125,NOT,
2126,NOT,
2127,IMPLICIT,OTHER
2128,NOT,
2129,NOT,
2130,NOT,
2131,NOT,
2132,NOT,
2133,NOT,
2134,NOT,
2135,NOT,
2136,NOT,
2137,NOT,
2138,NOT,
2139,NOT,
2140,EXPLICIT,GROUP
2141,EXPLICIT,INDIVIDUAL
2142,NOT,
2143,NOT,
2144,NOT,
2145,NOT,
2146,NOT,
2147,NOT,
2148,NOT,
2149,NOT,
2150,NOT,
2151,NOT,
2152,EXPLICIT,GROUP
2153,NOT,
2154,NOT,
2155,NOT,
2156,NOT,
2157,NOT,
2158,NOT,
2159,NOT,
2160,NOT,
2161,EXPLICIT,GROUP
2162,NOT,
2163,IMPLICIT,GROUP
2164,NOT,
2165,NOT,
2166,EXPLICIT,OTHER
2167,NOT,
2168,NOT,
2169,NOT,
2170,NOT,
2171,NOT,
2172,NOT,
2173,NOT,
2174,NOT,
2175,EXPLICIT,GROUP
2176,NOT,
2177,NOT,
2178,NOT,
2179,IMPLICIT,INDIVIDUAL
2180,NOT,
2181,NOT,
2182,NOT,
2183,NOT,
2184,NOT,
2185,NOT,
2186,NOT,
2187,EXPLICIT,INDIVIDUAL
2188,NOT,
2189,NOT,
2190,EXPLICIT,GROUP
2191,NOT,
2192,NOT,
2193,NOT,
2194,NOT,
2195,NOT,
2196,NOT,
2197,NOT,
2198,NOT,
2199,NOT,
2200,NOT,
2201,NOT,
2202,EXPLICIT,INDIVIDUAL
2203,NOT,
2204,NOT,
2205,NOT,
2206,NOT,
2207,NOT,
2208,NOT,
2209,NOT,
2210,NOT,
2211,EXPLICIT,GROUP
2212,EXPLICIT,INDIVIDUAL
2213,NOT,
2214,NOT,
2215,NOT,
2216,NOT,
2217,NOT,
2218,NOT,
2219,NOT,
2220,NOT,
2221,NOT,
2222,NOT,
2223,NOT,
2224,NOT,
2225,NOT,
2226,NOT,
2227,NOT,
2228,NOT,
2229,NOT,
2230,NOT,
2231,NOT,
2232,EXPLICIT,INDIVIDUAL
2233,NOT,
2234,IMPLICIT,INDIVIDUAL
2235,NOT,
2236,NOT,
2237,NOT,
2238,NOT,
2239,NOT,
2240,NOT,
2241,NOT,
2242,NOT,
2243,NOT,
2244,NOT,
2245,NOT,
2246,NOT,
2247,IMPLICIT,INDIVIDUAL
2248,NOT,
2249,IMPLICIT,GROUP
2250,NOT,
2251,NOT,
2252,NOT,
2253,NOT,
2254,NOT,
2255,NOT,
2256,NOT,
2257,EXPLICIT,GROUP
2258,NOT,
2259,NOT,
2260,NOT,
2261,NOT,
2262,NOT,
2263,NOT,
2264,NOT,
2265,NOT,
2266,NOT,
2267,NOT,
2268,NOT,
2269,NOT,
2270,NOT,
2271,NOT,
2272,EXPLICIT,INDIVIDUAL
2273,NOT,
2274,NOT,
2275,NOT,
2276,NOT,
2277,NOT,
2278,NOT,
2279,NOT,
2280,NOT,
2281,IMPLICIT,INDIVIDUAL
2282,NOT,
2283,NOT,
2284,NOT,
2285,NOT,
2286,NOT,
2287,NOT,
2288,NOT,
2289,NOT,
2290,NOT,
2291,NOT,
2292,EXPLICIT,INDIVIDUAL
2293,NOT,
2294,NOT,
2295,NOT,
2296,EXPLICIT,INDIVIDUAL
2297,NOT,
2298,EXPLICIT,INDIVIDUAL
2299,NOT,
2300,NOT,
2301,NOT,
2302,NOT,
2303,IMPLICIT,INDIVIDUAL
2304,NOT,
2305,IMPLICIT,INDIVIDUAL
2306,NOT,
2307,NOT,
2308,IMPLICIT,INDIVIDUAL
2309,NOT,
2310,NOT,
2311,IMPLICIT,GROUP
2312,NOT,
2313,NOT,
2314,NOT,
2315,NOT,
2316,IMPLICIT,INDIVIDUAL
2317,NOT,
2318,NOT,
2319,NOT,
2320,NOT,
2321,IMPLICIT,INDIVIDUAL
2322,NOT,
2323,NOT,
2324,NOT,
2325,NOT,
2326,NOT,
2327,EXPLICIT,INDIVIDUAL
2328,NOT,
2329,EXPLICIT,GROUP
2330,IMPLICIT,GROUP
2331,NOT,
2332,NOT,
2333,EXPLICIT,INDIVIDUAL
2334,NOT,
2335,EXPLICIT,INDIVIDUAL
2336,IMPLICIT,OTHER
2337,EXPLICIT,INDIVIDUAL
2338,NOT,
2339,NOT,
2340,NOT,
2341,NOT,
2342,NOT,
2343,EXPLICIT,GROUP
2344,IMPLICIT,GROUP
2345,IMPLICIT,GROUP
2346,IMPLICIT,GROUP
2347,NOT,
2348,NOT,
2349,NOT,
2350,NOT,
2351,NOT,
2352,NOT,
2353,NOT,
2354,NOT,
2355,NOT,
2356,NOT,
2357,IMPLICIT,INDIVIDUAL
2358,NOT,
2359,NOT,
2360,NOT,
2361,NOT,
2362,NOT,
2363,IMPLICIT,INDIVIDUAL
2364,NOT,
2365,IMPLICIT,INDIVIDUAL
2366,NOT,
2367,NOT,
2368,NOT,
2369,NOT,
2370,NOT,
2371,NOT,
2372,NOT,
2373,NOT,
2374,NOT,
2375,NOT,
2376,NOT,
2377,NOT,
2378,NOT,
2379,NOT,
2380,IMPLICIT,INDIVIDUAL
2381,EXPLICIT,INDIVIDUAL
2382,EXPLICIT,INDIVIDUAL
2383,NOT,
2384,NOT,
2385,NOT,
2386,NOT,
2387,NOT,
2388,NOT,
2389,NOT,
2390,EXPLICIT,INDIVIDUAL
2391,EXPLICIT,INDIVIDUAL
2392,IMPLICIT,INDIVIDUAL
2393,NOT,
2394,NOT,
2395,EXPLICIT,INDIVIDUAL
2396,NOT,
2397,NOT,
2398,NOT,
2399,IMPLICIT,INDIVIDUAL
2400,EXPLICIT,INDIVIDUAL
2401,NOT,
2402,NOT,
2403,NOT,
2404,EXPLICIT,INDIVIDUAL
2405,IMPLICIT,GROUP
2406,NOT,
2407,NOT,
2408,NOT,
2409,NOT,
2410,EXPLICIT,INDIVIDUAL
2411,NOT,
2412,NOT,
2413,NOT,
2414,NOT,
2415,NOT,
2416,NOT,
2417,NOT,
2418,NOT,
2419,NOT,
2420,NOT,
2421,NOT,
2422,NOT,
2423,NOT,
2424,NOT,
2425,EXPLICIT,GROUP
2426,IMPLICIT,INDIVIDUAL
2427,IMPLICIT,GROUP
2428,NOT,
2429,NOT,
2430,NOT,
2431,NOT,
2432,NOT,
2433,NOT,
2434,NOT,
2435,NOT,
2436,EXPLICIT,GROUP
2437,NOT,
2438,IMPLICIT,OTHER
2439,NOT,
2440,NOT,
2441,NOT,
2442,NOT,
2443,NOT,
2444,NOT,
2445,NOT,
2446,NOT,
2447,NOT,
2448,NOT,
2449,NOT,
2450,NOT,
2451,NOT,
2452,NOT,
2453,NOT,
2454,NOT,
2455,NOT,
2456,EXPLICIT,INDIVIDUAL
2457,NOT,
2458,NOT,
2459,NOT,
2460,NOT,
2461,IMPLICIT,INDIVIDUAL
2462,EXPLICIT,INDIVIDUAL
2463,NOT,
2464,NOT,
2465,NOT,
2466,NOT,
2467,NOT,
2468,NOT,
2469,NOT,
2470,NOT,
2471,NOT,
2472,NOT,
2473,NOT,
2474,NOT,
2475,NOT,
2476,EXPLICIT,INDIVIDUAL
2477,NOT,
2478,NOT,
2479,NOT,
2480,NOT,
2481,NOT,
2482,NOT,
2483,NOT,
2484,NOT,
2485,NOT,
2486,NOT,
2487,EXPLICIT,INDIVIDUAL
2488,NOT,
2489,EXPLICIT,INDIVIDUAL
2490,NOT,
2491,IMPLICIT,GROUP
2492,NOT,
2493,NOT,
2494,NOT,
2495,NOT,
2496,NOT,
2497,IMPLICIT,OTHER
2498,NOT,
2499,NOT,
2500,EXPLICIT,INDIVIDUAL
2501,NOT,
2502,NOT,
2503,IMPLICIT,INDIVIDUAL
2504,NOT,
2505,NOT,
2506,NOT,
2507,NOT,
2508,NOT,
2509,NOT,
2510,IMPLICIT,GROUP
2511,NOT,
2512,NOT,
2513,EXPLICIT,INDIVIDUAL
2514,NOT,
2515,NOT,
2516,NOT,
2517,EXPLICIT,INDIVIDUAL
2518,EXPLICIT,GROUP
2519,NOT,
2520,IMPLICIT,GROUP
2521,NOT,
2522,NOT,
2523,NOT,
2524,EXPLICIT,INDIVIDUAL
2525,NOT,
2526,NOT,
2527,NOT,
2528,NOT,
2529,EXPLICIT,GROUP
2530,NOT,
2531,NOT,
2532,NOT,
2533,NOT,
2534,IMPLICIT,GROUP
2535,NOT,
2536,IMPLICIT,INDIVIDUAL
2537,EXPLICIT,INDIVIDUAL
2538,EXPLICIT,INDIVIDUAL
2539,NOT,
2540,NOT,
2541,NOT,
2542,NOT,
2543,EXPLICIT,INDIVIDUAL
2544,NOT,
2545,NOT,
2546,NOT,
2547,NOT,
2548,NOT,
2549,NOT,
2550,NOT,
2551,EXPLICIT,GROUP
2552,NOT,
2553,NOT,
2554,NOT,
2555,NOT,
2556,EXPLICIT,INDIVIDUAL
2557,NOT,
2558,NOT,
2559,NOT,
2560,NOT,
2561,NOT,
2562,NOT,
2563,NOT,
2564,NOT,
2565,NOT,
2566,NOT,
2567,NOT,
2568,NOT,
2569,NOT,
2570,NOT,
2571,NOT,
2572,NOT,
2573,NOT,
2574,IMPLICIT,INDIVIDUAL
2575,NOT,
2576,NOT,
2577,NOT,
2578,NOT,
2579,NOT,
2580,NOT,
2581,NOT,
2582,NOT,
2583,NOT,
2584,NOT,
2585,NOT,
2586,NOT,
2587,EXPLICIT,GROUP
2588,NOT,
2589,NOT,
2590,IMPLICIT,INDIVIDUAL
2591,NOT,
2592,NOT,
2593,NOT,
2594,NOT,
2595,EXPLICIT,INDIVIDUAL
2596,NOT,
2597,NOT,
2598,EXPLICIT,GROUP
2599,IMPLICIT,INDIVIDUAL
2600,NOT,
2601,NOT,
2602,EXPLICIT,INDIVIDUAL
2603,NOT,
2604,NOT,
2605,NOT,
2606,IMPLICIT,OTHER
2607,NOT,
2608,NOT,
2609,NOT,
2610,NOT,
2611,EXPLICIT,GROUP
2612,NOT,
2613,NOT,
2614,NOT,
2615,NOT,
2616,EXPLICIT,INDIVIDUAL
2617,NOT,
2618,NOT,
2619,NOT,
2620,NOT,
2621,IMPLICIT,INDIVIDUAL
2622,NOT,
2623,NOT,
2624,NOT,
2625,NOT,
2626,NOT,
2627,NOT,
2628,IMPLICIT,GROUP
2629,NOT,
2630,NOT,
2631,NOT,
2632,NOT,
2633,NOT,
2634,NOT,
2635,NOT,
2636,NOT,
2637,IMPLICIT,INDIVIDUAL
2638,NOT,
2639,NOT,
2640,NOT,
2641,NOT,
2642,NOT,
2643,NOT,
2644,EXPLICIT,INDIVIDUAL
2645,NOT,
2646,NOT,
2647,NOT,
2648,NOT,
2649,NOT,
2650,NOT,
2651,NOT,
2652,NOT,
2653,NOT,
2654,EXPLICIT,INDIVIDUAL
2655,NOT,
2656,NOT,
2657,NOT,
2658,NOT,
2659,IMPLICIT,GROUP
2660,EXPLICIT,OTHER
2661,NOT,
2662,NOT,
2663,IMPLICIT,INDIVIDUAL
2664,NOT,
2665,NOT,
2666,NOT,
2667,NOT,
2668,EXPLICIT,GROUP
2669,NOT,
2670,NOT,
2671,NOT,
2672,IMPLICIT,INDIVIDUAL
2673,NOT,
2674,NOT,
2675,NOT,
2676,NOT,
2677,NOT,
2678,NOT,
2679,NOT,
2680,NOT,
2681,NOT,
2682,IMPLICIT,GROUP
2683,NOT,
2684,NOT,
2685,NOT,
2686,NOT,
2687,NOT,
2688,NOT,
2689,NOT,
2690,NOT,
2691,NOT,
2692,EXPLICIT,GROUP
2693,NOT,
2694,EXPLICIT,INDIVIDUAL
2695,NOT,
2696,NOT,
2697,EXPLICIT,INDIVIDUAL
2698,NOT,
2699,EXPLICIT,INDIVIDUAL
2700,NOT,
2701,EXPLICIT,OTHER
2702,NOT,
2703,NOT,
2704,NOT,
2705,IMPLICIT,INDIVIDUAL
2706,EXPLICIT,INDIVIDUAL
2707,NOT,
2708,NOT,
2709,NOT,
2710,EXPLICIT,INDIVIDUAL
2711,NOT,
2712,NOT,
2713,NOT,
2714,NOT,
2715,EXPLICIT,GROUP
2716,EXPLICIT,INDIVIDUAL
2717,NOT,
2718,NOT,
2719,EXPLICIT,INDIVIDUAL
2720,EXPLICIT,INDIVIDUAL
2721,NOT,
2722,NOT,
2723,NOT,
2724,NOT,
2725,NOT,
2726,NOT,
2727,EXPLICIT,OTHER
2728,NOT,
2729,NOT,
2730,NOT,
2731,NOT,
2732,NOT,
2733,NOT,
2734,EXPLICIT,GROUP
2735,NOT,
2736,NOT,
2737,NOT,
2738,NOT,
2739,NOT,
2740,NOT,
2741,NOT,
2742,NOT,
2743,NOT,
2744,NOT,
2745,NOT,
2746,NOT,
2747,NOT,
2748,NOT,
2749,NOT,
2750,NOT,
2751,NOT,
2752,NOT,
2753,NOT,
2754,NOT,
2755,NOT,
2756,NOT,
2757,NOT,
2758,IMPLICIT,INDIVIDUAL
2759,NOT,
2760,NOT,
2761,EXPLICIT,INDIVIDUAL
2762,NOT,
2763,NOT,
2764,NOT,
2765,NOT,
2766,IMPLICIT,INDIVIDUAL
2767,NOT,
2768,NOT,
2769,NOT,
2770,NOT,
2771,NOT,
2772,NOT,
2773,NOT,
2774,NOT,
2775,EXPLICIT,GROUP
2776,IMPLICIT,INDIVIDUAL
2777,NOT,
2778,NOT,
2779,NOT,
2780,NOT,
2781,NOT,
2782,EXPLICIT,OTHER
2783,NOT,
2784,NOT,
2785,NOT,
2786,NOT,
2787,NOT,
2788,NOT,
2789,NOT,
2790,NOT,
2791,EXPLICIT,GROUP
2792,NOT,
2793,NOT,
2794,NOT,
2795,NOT,
2796,NOT,
2797,NOT,
2798,NOT,
2799,NOT,
2800,NOT,
2801,NOT,
2802,NOT,
2803,NOT,
2804,NOT,
2805,NOT,
2806,NOT,
2807,IMPLICIT,GROUP
2808,EXPLICIT,GROUP
2809,NOT,
2810,NOT,
2811,NOT,
2812,NOT,
2813,NOT,
2814,NOT,
2815,NOT,
2816,NOT,
2817,NOT,
2818,NOT,
2819,IMPLICIT,GROUP
2820,NOT,
2821,EXPLICIT,INDIVIDUAL
2822,EXPLICIT,GROUP
2823,EXPLICIT,GROUP
2824,NOT,
2825,NOT,
2826,NOT,
2827,NOT,
2828,NOT,
2829,NOT,
2830,NOT,
2831,NOT,
2832,NOT,
2833,NOT,
2834,NOT,
2835,NOT,
2836,NOT,
2837,NOT,
2838,NOT,
2839,NOT,
2840,NOT,
2841,NOT,
2842,NOT,
2843,NOT,
2844,NOT,
2845,NOT,
2846,NOT,
2847,NOT,
2848,NOT,
2849,NOT,
2850,NOT,
2851,NOT,
2852,NOT,
2853,NOT,
2854,NOT,
2855,NOT,
2856,EXPLICIT,INDIVIDUAL
2857,NOT,
2858,NOT,
2859,NOT,
2860,NOT,
2861,NOT,
2862,NOT,
2863,NOT,
2864,NOT,
2865,NOT,
2866,NOT,
2867,EXPLICIT,INDIVIDUAL
2868,NOT,
2869,EXPLICIT,INDIVIDUAL
2870,NOT,
2871,NOT,
2872,NOT,
2873,NOT,
2874,NOT,
2875,NOT,
2876,EXPLICIT,GROUP
2877,NOT,
2878,NOT,
2879,NOT,
2880,NOT,
2881,NOT,
2882,IMPLICIT,GROUP
2883,NOT,
2884,EXPLICIT,INDIVIDUAL
2885,IMPLICIT,GROUP
2886,NOT,
2887,NOT,
2888,IMPLICIT,GROUP
2889,NOT,
2890,NOT,
2891,NOT,
2892,NOT,
2893,NOT,
2894,IMPLICIT,GROUP
2895,NOT,
2896,IMPLICIT,GROUP
2897,NOT,
2898,NOT,
2899,IMPLICIT,INDIVIDUAL
2900,NOT,
2901,NOT,
2902,NOT,
2903,NOT,
2904,NOT,
2905,NOT,
2906,EXPLICIT,GROUP
2907,NOT,
2908,NOT,
2909,NOT,
2910,NOT,
2911,NOT,
2912,NOT,
2913,NOT,
2914,NOT,
2915,NOT,
2916,NOT,
2917,NOT,
2918,IMPLICIT,OTHER
2919,NOT,
2920,NOT,
2921,NOT,
2922,NOT,
2923,IMPLICIT,INDIVIDUAL
2924,NOT,
2925,NOT,
2926,IMPLICIT,GROUP
2927,NOT,
2928,NOT,
2929,NOT,
2930,IMPLICIT,GROUP
2931,IMPLICIT,OTHER
2932,NOT,
2933,NOT,
2934,NOT,
2935,IMPLICIT,GROUP
2936,NOT,
2937,NOT,
2938,EXPLICIT,INDIVIDUAL
2939,NOT,
2940,NOT,
2941,NOT,
2942,NOT,
2943,NOT,
2944,EXPLICIT,INDIVIDUAL
2945,NOT,
2946,NOT,
2947,EXPLICIT,INDIVIDUAL
2948,NOT,
2949,NOT,
2950,EXPLICIT,INDIVIDUAL
2951,NOT,
2952,EXPLICIT,INDIVIDUAL
2953,NOT,
2954,EXPLICIT,INDIVIDUAL
2955,NOT,
2956,NOT,
2957,NOT,
2958,NOT,
2959,EXPLICIT,GROUP
2960,EXPLICIT,INDIVIDUAL
2961,NOT,
2962,NOT,
2963,NOT,
2964,NOT,
2965,NOT,
2966,NOT,
2967,NOT,
2968,NOT,
2969,NOT,
2970,NOT,
2971,NOT,
2972,IMPLICIT,INDIVIDUAL
2973,NOT,
2974,NOT,
2975,NOT,
2976,NOT,
2977,NOT,
2978,IMPLICIT,GROUP
2979,EXPLICIT,INDIVIDUAL
2980,NOT,
2981,NOT,
2982,NOT,
2983,NOT,
2984,NOT,
2985,NOT,
2986,EXPLICIT,INDIVIDUAL
2987,NOT,
2988,EXPLICIT,GROUP
2989,NOT,
2990,EXPLICIT,INDIVIDUAL
2991,NOT,
2992,NOT,
2993,EXPLICIT,OTHER
2994,NOT,
2995,NOT,
2996,NOT,
2997,NOT,
2998,EXPLICIT,INDIVIDUAL
2999,NOT,
3000,EXPLICIT,INDIVIDUAL
3001,NOT,
3002,EXPLICIT,INDIVIDUAL
3003,NOT,
3004,NOT,
3005,EXPLICIT,INDIVIDUAL
3006,NOT,
3007,NOT,
3008,NOT,
3009,NOT,
3010,NOT,
3011,NOT,
3012,NOT,
3013,NOT,
3014,NOT,
3015,IMPLICIT,GROUP
3016,NOT,
3017,NOT,
3018,NOT,
3019,EXPLICIT,INDIVIDUAL
3020,NOT,
3021,NOT,
3022,NOT,
3023,EXPLICIT,INDIVIDUAL
3024,EXPLICIT,GROUP
3025,EXPLICIT,INDIVIDUAL
3026,NOT,
3027,EXPLICIT,INDIVIDUAL
3028,NOT,
3029,NOT,
3030,NOT,
3031,NOT,
3032,NOT,
3033,NOT,
3034,NOT,
3035,EXPLICIT,INDIVIDUAL
3036,NOT,
3037,NOT,
3038,NOT,
3039,NOT,
3040,EXPLICIT,INDIVIDUAL
3041,NOT,
3042,NOT,
3043,NOT,
3044,NOT,
3045,NOT,
3046,EXPLICIT,INDIVIDUAL
3047,NOT,
3048,NOT,
3049,NOT,
3050,NOT,
3051,NOT,
3052,NOT,
3053,NOT,
3054,NOT,
3055,NOT,
3056,NOT,
3057,NOT,
3058,EXPLICIT,INDIVIDUAL
3059,NOT,
3060,NOT,
3061,NOT,
3062,NOT,
3063,NOT,
3064,NOT,
3065,NOT,
3066,NOT,
3067,NOT,
3068,IMPLICIT,GROUP
3069,NOT,
3070,EXPLICIT,INDIVIDUAL
3071,NOT,
3072,NOT,
3073,NOT,
3074,IMPLICIT,GROUP
3075,NOT,
3076,NOT,
3077,NOT,
3078,NOT,
3079,NOT,
3080,NOT,
3081,NOT,
3082,NOT,
3083,NOT,
3084,NOT,
3085,NOT,
3086,EXPLICIT,GROUP
3087,NOT,
3088,NOT,
3089,NOT,
3090,NOT,
3091,IMPLICIT,GROUP
3092,EXPLICIT,GROUP
3093,EXPLICIT,INDIVIDUAL
3094,NOT,
3095,NOT,
3096,NOT,
3097,NOT,
3098,EXPLICIT,INDIVIDUAL
3099,NOT,
3100,NOT,
3101,EXPLICIT,INDIVIDUAL
3102,NOT,
3103,NOT,
3104,EXPLICIT,INDIVIDUAL
3105,NOT,
3106,NOT,
3107,NOT,
3108,NOT,
3109,NOT,
3110,NOT,
3111,NOT,
3112,NOT,
3113,NOT,
3114,NOT,
3115,NOT,
3116,NOT,
3117,NOT,
3118,NOT,
3119,NOT,
3120,IMPLICIT,OTHER
3121,NOT,
3122,NOT,
3123,EXPLICIT,INDIVIDUAL
3124,NOT,
3125,NOT,
3126,NOT,
3127,NOT,
3128,NOT,
3129,NOT,
3130,NOT,
3131,NOT,
3132,EXPLICIT,GROUP
3133,EXPLICIT,INDIVIDUAL
3134,NOT,
3135,NOT,
3136,NOT,
3137,NOT,
3138,NOT,
3139,NOT,
3140,EXPLICIT,INDIVIDUAL
3141,NOT,
3142,NOT,
3143,NOT,
3144,NOT,
3145,NOT,
3146,EXPLICIT,INDIVIDUAL
3147,NOT,
3148,NOT,
3149,NOT,
3150,EXPLICIT,INDIVIDUAL
3151,NOT,
3152,NOT,
3153,NOT,
3154,NOT,
3155,NOT,
3156,NOT,
3157,NOT,
3158,NOT,
3159,NOT,
3160,NOT,
3161,NOT,
3162,EXPLICIT,INDIVIDUAL
3163,NOT,
3164,NOT,
3165,NOT,
3166,NOT,
3167,IMPLICIT,INDIVIDUAL
3168,NOT,
3169,NOT,
3170,IMPLICIT,INDIVIDUAL
3171,NOT,
3172,NOT,
3173,NOT,
3174,NOT,
3175,EXPLICIT,GROUP
3176,EXPLICIT,INDIVIDUAL
3177,NOT,
3178,NOT,
3179,EXPLICIT,OTHER
3180,NOT,
3181,NOT,
3182,EXPLICIT,INDIVIDUAL
3183,NOT,
3184,NOT,
3185,NOT,
3186,NOT,
3187,NOT,
3188,EXPLICIT,GROUP
3189,NOT,
3190,NOT,
3191,NOT,
3192,NOT,
3193,NOT,
3194,NOT,
3195,NOT,
3196,EXPLICIT,GROUP
3197,NOT,
3198,NOT,
3199,NOT,
3200,NOT,
3201,NOT,
3202,NOT,
3203,NOT,
3204,NOT,
3205,NOT,
3206,NOT,
3207,NOT,
3208,NOT,
3209,NOT,
3210,NOT,
3211,NOT,
3212,NOT,
3213,NOT,
3214,NOT,
3215,NOT,
3216,NOT,
3217,NOT,
3218,NOT,
3219,NOT,
3220,IMPLICIT,OTHER
3221,NOT,
3222,NOT,
3223,NOT,
3224,NOT,
3225,NOT,
3226,NOT,
3227,NOT,
3228,IMPLICIT,GROUP
3229,NOT,
3230,NOT,
3231,NOT,
3232,NOT,
3233,NOT,
3234,NOT,
3235,NOT,
3236,NOT,
3237,NOT,
3238,NOT,
3239,NOT,
3240,IMPLICIT,GROUP
3241,EXPLICIT,INDIVIDUAL
3242,NOT,
3243,NOT,
3244,NOT,
3245,NOT,
3246,NOT,
3247,NOT,
3248,IMPLICIT,GROUP
3249,NOT,
3250,NOT,
3251,NOT,
3252,NOT,
3253,NOT,
3254,NOT,
3255,NOT,
3256,NOT,
3257,NOT,
3258,NOT,
3259,NOT,
3260,EXPLICIT,INDIVIDUAL
3261,EXPLICIT,GROUP
3262,NOT,
3263,NOT,
3264,IMPLICIT,GROUP
3265,NOT,
3266,EXPLICIT,GROUP
3267,NOT,
3268,NOT,
3269,IMPLICIT,INDIVIDUAL
3270,NOT,
3271,NOT,
3272,NOT,
3273,NOT,
3274,NOT,
3275,NOT,
3276,NOT,
3277,NOT,
3278,NOT,
3279,NOT,
3280,NOT,
3281,NOT,
3282,NOT,
3283,NOT,
3284,NOT,
3285,NOT,
3286,NOT,
3287,NOT,
3288,NOT,
3289,EXPLICIT,INDIVIDUAL
3290,NOT,
3291,NOT,
3292,NOT,
3293,IMPLICIT,INDIVIDUAL
3294,IMPLICIT,INDIVIDUAL
3295,NOT,
3296,NOT,
3297,NOT,
3298,NOT,
3299,NOT,
3300,NOT,
3301,NOT,
3302,NOT,
3303,NOT,
3304,NOT,
3305,NOT,
3306,IMPLICIT,GROUP
3307,NOT,
3308,NOT,
3309,NOT,
3310,EXPLICIT,INDIVIDUAL
3311,EXPLICIT,GROUP
3312,NOT,
3313,EXPLICIT,GROUP
3314,EXPLICIT,INDIVIDUAL
3315,EXPLICIT,INDIVIDUAL
3316,EXPLICIT,INDIVIDUAL
3317,NOT,
3318,NOT,
3319,NOT,
3320,EXPLICIT,GROUP
3321,NOT,
3322,NOT,
3323,NOT,
3324,NOT,
3325,NOT,
3326,IMPLICIT,INDIVIDUAL
3327,NOT,
3328,NOT,
3329,NOT,
3330,NOT,
3331,NOT,
3332,NOT,
3333,NOT,
3334,NOT,
3335,IMPLICIT,GROUP
3336,NOT,
3337,NOT,
3338,NOT,
3339,NOT,
3340,NOT,
3341,NOT,
3342,NOT,
3343,IMPLICIT,GROUP
3344,IMPLICIT,GROUP
3345,EXPLICIT,GROUP
3346,EXPLICIT,INDIVIDUAL
3347,NOT,
3348,NOT,
3349,NOT,
3350,NOT,
3351,NOT,
3352,EXPLICIT,GROUP
3353,NOT,
3354,NOT,
3355,EXPLICIT,GROUP
3356,NOT,
3357,NOT,
3358,NOT,
3359,NOT,
3360,NOT,
3361,NOT,
3362,NOT,
3363,EXPLICIT,INDIVIDUAL
3364,NOT,
3365,NOT,
3366,NOT,
3367,NOT,
3368,NOT,
3369,NOT,
3370,NOT,
3371,NOT,
3372,EXPLICIT,GROUP
3373,IMPLICIT,GROUP
3374,EXPLICIT,OTHER
3375,NOT,
3376,EXPLICIT,GROUP
3377,NOT,
3378,IMPLICIT,GROUP
3379,NOT,
3380,IMPLICIT,INDIVIDUAL
3381,NOT,
3382,NOT,
3383,NOT,
3384,EXPLICIT,INDIVIDUAL
3385,NOT,
3386,NOT,
3387,NOT,
3388,NOT,
3389,NOT,
3390,NOT,
3391,NOT,
3392,IMPLICIT,GROUP
3393,NOT,
3394,NOT,
3395,IMPLICIT,INDIVIDUAL
3396,NOT,
3397,NOT,
3398,NOT,
3399,NOT,
3400,IMPLICIT,GROUP
3401,IMPLICIT,GROUP
3402,NOT,
3403,NOT,
3404,NOT,
3405,NOT,
3406,NOT,
3407,NOT,
3408,NOT,
3409,EXPLICIT,GROUP
3410,NOT,
3411,NOT,
3412,NOT,
3413,NOT,
3414,EXPLICIT,GROUP
3415,NOT,
3416,NOT,
3417,EXPLICIT,INDIVIDUAL
3418,NOT,
3419,NOT,
3420,NOT,
3421,NOT,
3422,NOT,
3423,NOT,
3424,NOT,
3425,NOT,
3426,NOT,
3427,NOT,
3428,NOT,
3429,EXPLICIT,INDIVIDUAL
3430,NOT,
3431,NOT,
3432,EXPLICIT,OTHER
3433,NOT,
3434,NOT,
3435,NOT,
3436,NOT,
3437,NOT,
3438,NOT,
3439,NOT,
3440,NOT,
3441,NOT,
3442,NOT,
3443,NOT,
3444,NOT,
3445,NOT,
3446,NOT,
3447,NOT,
3448,NOT,
3449,NOT,
3450,NOT,
3451,NOT,
3452,NOT,
3453,NOT,
3454,NOT,
3455,NOT,
3456,NOT,
3457,NOT,
3458,NOT,
3459,NOT,
3460,NOT,
3461,NOT,
3462,NOT,
3463,NOT,
3464,NOT,
3465,NOT,
3466,NOT,
3467,NOT,
3468,NOT,
3469,NOT,
3470,NOT,
3471,NOT,
3472,NOT,
3473,NOT,
3474,EXPLICIT,INDIVIDUAL
3475,NOT,
3476,NOT,
3477,NOT,
3478,NOT,
3479,NOT,
3480,EXPLICIT,OTHER
3481,NOT,
3482,NOT,
3483,NOT,
3484,NOT,
3485,NOT,
3486,NOT,
3487,NOT,
3488,IMPLICIT,OTHER
3489,NOT,
3490,NOT,
3491,EXPLICIT,INDIVIDUAL
3492,NOT,
3493,EXPLICIT,INDIVIDUAL
3494,EXPLICIT,OTHER
3495,NOT,
3496,EXPLICIT,GROUP
3497,NOT,
3498,EXPLICIT,INDIVIDUAL
3499,NOT,
3500,NOT,
3501,NOT,
3502,NOT,
3503,NOT,
3504,EXPLICIT,GROUP
3505,NOT,
3506,NOT,
3507,NOT,
3508,NOT,
3509,NOT,
3510,NOT,
3511,NOT,
3512,IMPLICIT,GROUP
3513,NOT,
3514,IMPLICIT,INDIVIDUAL
3515,EXPLICIT,GROUP
3516,NOT,
3517,NOT,
3518,NOT,
3519,NOT,
3520,NOT,
3521,NOT,
3522,NOT,
3523,NOT,
3524,IMPLICIT,INDIVIDUAL
3525,NOT,
3526,NOT,
3527,NOT,
3528,NOT,
3529,NOT,
3530,NOT,
3531,EXPLICIT,GROUP
3532,NOT,
3533,NOT,
3534,NOT,
3535,NOT,
3536,EXPLICIT,INDIVIDUAL
3537,NOT,
3538,NOT,
3539,NOT,
3540,NOT,
3541,NOT,
3542,NOT,
3543,NOT,
3544,NOT,
3545,NOT,
3546,NOT,
3547,NOT,
3548,NOT,
3549,NOT,
3550,NOT,
3551,EXPLICIT,GROUP
3552,NOT,
3553,NOT,
3554,NOT,
3555,IMPLICIT,GROUP
3556,NOT,
3557,IMPLICIT,GROUP
3558,NOT,
3559,NOT,
3560,NOT,
3561,IMPLICIT,INDIVIDUAL
3562,NOT,
3563,EXPLICIT,INDIVIDUAL
3564,NOT,
3565,NOT,
3566,NOT,
3567,NOT,
3568,EXPLICIT,GROUP
3569,NOT,
3570,NOT,
3571,NOT,
3572,NOT,
3573,NOT,
3574,NOT,
3575,NOT,
3576,NOT,
3577,EXPLICIT,GROUP
3578,NOT,
3579,NOT,
3580,NOT,
3581,NOT,
3582,NOT,
3583,NOT,
3584,NOT,
3585,NOT,
3586,NOT,
3587,NOT,
3588,EXPLICIT,INDIVIDUAL
3589,NOT,
3590,NOT,
3591,NOT,
3592,NOT,
3593,EXPLICIT,INDIVIDUAL
3594,NOT,
3595,NOT,
3596,NOT,
3597,EXPLICIT,INDIVIDUAL
3598,NOT,
3599,NOT,
3600,NOT,
3601,NOT,
3602,NOT,
3603,NOT,
3604,NOT,
3605,NOT,
3606,NOT,
3607,NOT,
3608,EXPLICIT,INDIVIDUAL
3609,NOT,
3610,NOT,
3611,EXPLICIT,INDIVIDUAL
3612,NOT,
3613,NOT,
3614,EXPLICIT,GROUP
3615,NOT,
3616,EXPLICIT,GROUP
3617,NOT,
3618,NOT,
3619,NOT,
3620,NOT,
3621,NOT,
3622,EXPLICIT,INDIVIDUAL
3623,NOT,
3624,NOT,
3625,NOT,
3626,EXPLICIT,OTHER
3627,NOT,
3628,NOT,
3629,NOT,
3630,NOT,
3631,NOT,
3632,NOT,
3633,NOT,
3634,IMPLICIT,INDIVIDUAL
3635,NOT,
3636,NOT,
3637,NOT,
3638,NOT,
3639,NOT,
3640,NOT,
3641,NOT,
3642,EXPLICIT,INDIVIDUAL
3643,NOT,
3644,NOT,
3645,NOT,
3646,IMPLICIT,INDIVIDUAL
3647,NOT,
3648,NOT,
3649,NOT,
3650,NOT,
3651,NOT,
3652,NOT,
3653,NOT,
3654,NOT,
3655,NOT,
3656,IMPLICIT,GROUP
3657,NOT,
3658,NOT,
3659,NOT,
3660,NOT,
3661,NOT,
3662,NOT,
3663,NOT,
3664,NOT,
3665,NOT,
3666,EXPLICIT,INDIVIDUAL
3667,NOT,
3668,NOT,
3669,NOT,
3670,NOT,
3671,NOT,
3672,EXPLICIT,INDIVIDUAL
3673,NOT,
3674,NOT,
3675,EXPLICIT,GROUP
3676,EXPLICIT,INDIVIDUAL
3677,NOT,
3678,NOT,
3679,EXPLICIT,INDIVIDUAL
3680,NOT,
3681,IMPLICIT,INDIVIDUAL
3682,NOT,
3683,EXPLICIT,INDIVIDUAL
3684,NOT,
3685,NOT,
3686,NOT,
3687,NOT,
3688,NOT,
3689,NOT,
3690,NOT,
3691,NOT,
3692,IMPLICIT,INDIVIDUAL
3693,NOT,
3694,NOT,
3695,NOT,
3696,NOT,
3697,NOT,
3698,EXPLICIT,INDIVIDUAL
3699,NOT,
3700,EXPLICIT,OTHER
3701,NOT,
3702,EXPLICIT,INDIVIDUAL
3703,NOT,
3704,NOT,
3705,IMPLICIT,INDIVIDUAL
3706,NOT,
3707,NOT,
3708,NOT,
3709,EXPLICIT,GROUP
3710,IMPLICIT,INDIVIDUAL
3711,NOT,
3712,NOT,
3713,NOT,
3714,NOT,
3715,NOT,
3716,NOT,
3717,EXPLICIT,INDIVIDUAL
3718,EXPLICIT,GROUP
3719,EXPLICIT,INDIVIDUAL
3720,NOT,
3721,NOT,
3722,NOT,
3723,NOT,
3724,NOT,
3725,NOT,
3726,NOT,
3727,NOT,
3728,EXPLICIT,GROUP
3729,NOT,
3730,NOT,
3731,NOT,
3732,NOT,
3733,NOT,
3734,IMPLICIT,INDIVIDUAL
3735,IMPLICIT,INDIVIDUAL
3736,NOT,
3737,NOT,
3738,NOT,
3739,NOT,
3740,IMPLICIT,GROUP
3741,NOT,
3742,NOT,
3743,NOT,
3744,NOT,
3745,NOT,
3746,NOT,
3747,NOT,
3748,NOT,
3749,NOT,
3750,NOT,
3751,EXPLICIT,INDIVIDUAL
3752,NOT,
3753,NOT,
3754,NOT,
3755,NOT,
3756,NOT,
3757,NOT,
3758,NOT,
3759,NOT,
3760,NOT,
3761,NOT,
3762,NOT,
3763,NOT,
3764,NOT,
3765,NOT,
3766,NOT,
3767,NOT,
3768,NOT,
3769,NOT,
3770,NOT,
3771,NOT,
3772,IMPLICIT,GROUP
3773,NOT,
3774,EXPLICIT,GROUP
3775,NOT,
3776,NOT,
3777,IMPLICIT,GROUP
3778,NOT,
3779,NOT,
3780,NOT,
3781,NOT,
3782,NOT,
3783,NOT,GROUP
3784,NOT,
3785,NOT,
3786,NOT,
3787,NOT,
3788,NOT,
3789,NOT,
3790,NOT,
3791,NOT,
3792,NOT,
3793,NOT,
3794,NOT,
3795,NOT,
3796,EXPLICIT,GROUP
3797,EXPLICIT,OTHER
3798,IMPLICIT,INDIVIDUAL
3799,NOT,
3800,NOT,
3801,EXPLICIT,GROUP
3802,NOT,
3803,NOT,
3804,NOT,
3805,NOT,
3806,NOT,
3807,NOT,
3808,NOT,
3809,IMPLICIT,OTHER
3810,NOT,
3811,NOT,
3812,IMPLICIT,GROUP
3813,NOT,
3814,EXPLICIT,INDIVIDUAL
3815,NOT,
3816,NOT,
3817,NOT,
3818,NOT,
3819,EXPLICIT,OTHER
3820,NOT,
3821,EXPLICIT,INDIVIDUAL
3822,NOT,
3823,NOT,
3824,NOT,
3825,NOT,
3826,NOT,
3827,EXPLICIT,INDIVIDUAL
3828,NOT,
3829,EXPLICIT,INDIVIDUAL
3830,NOT,
3831,NOT,
3832,NOT,
3833,NOT,
3834,EXPLICIT,INDIVIDUAL
3835,NOT,
3836,NOT,
3837,NOT,
3838,NOT,
3839,EXPLICIT,INDIVIDUAL
3840,NOT,
3841,NOT,
3842,NOT,
3843,NOT,
3844,NOT,
3845,NOT,
3846,EXPLICIT,GROUP
3847,NOT,
3848,NOT,
3849,NOT,
3850,NOT,
3851,NOT,
3852,NOT,
3853,EXPLICIT,GROUP
3854,EXPLICIT,INDIVIDUAL
3855,EXPLICIT,INDIVIDUAL
3856,NOT,
3857,NOT,
3858,NOT,
3859,NOT,
3860,NOT,
3861,NOT,
3862,NOT,
3863,EXPLICIT,GROUP
3864,NOT,
3865,NOT,
3866,NOT,
3867,NOT,
3868,NOT,
3869,NOT,
3870,NOT,
3871,NOT,
3872,NOT,
3873,NOT,
3874,NOT,
3875,NOT,
3876,NOT,
3877,NOT,
3878,NOT,
3879,NOT,
3880,EXPLICIT,GROUP
3881,NOT,
3882,NOT,
3883,EXPLICIT,INDIVIDUAL
3884,NOT,
3885,IMPLICIT,GROUP
3886,NOT,
3887,NOT,
3888,NOT,
3889,IMPLICIT,OTHER
3890,NOT,
3891,EXPLICIT,INDIVIDUAL
3892,NOT,
3893,NOT,
3894,NOT,
3895,NOT,
3896,NOT,
3897,IMPLICIT,INDIVIDUAL
3898,NOT,
3899,NOT,
3900,NOT,
3901,NOT,
3902,NOT,
3903,NOT,
3904,NOT,
3905,NOT,
3906,NOT,
3907,NOT,
3908,NOT,
3909,NOT,
3910,NOT,
3911,EXPLICIT,GROUP
3912,EXPLICIT,INDIVIDUAL
3913,NOT,
3914,EXPLICIT,INDIVIDUAL
3915,NOT,
3916,EXPLICIT,GROUP
3917,IMPLICIT,INDIVIDUAL
3918,NOT,
3919,IMPLICIT,INDIVIDUAL
3920,NOT,
3921,IMPLICIT,INDIVIDUAL
3922,NOT,
3923,NOT,
3924,IMPLICIT,GROUP
3925,NOT,
3926,EXPLICIT,INDIVIDUAL
3927,NOT,
3928,NOT,
3929,EXPLICIT,INDIVIDUAL
3930,NOT,
3931,NOT,
3932,NOT,
3933,NOT,
3934,NOT,
3935,NOT,
3936,NOT,
3937,NOT,
3938,NOT,
3939,NOT,
3940,NOT,
3941,NOT,
3942,NOT,
3943,NOT,
3944,NOT,
3945,IMPLICIT,OTHER
3946,NOT,
3947,NOT,
3948,NOT,
3949,NOT,
3950,NOT,
3951,NOT,
3952,NOT,
3953,NOT,
3954,NOT,
3955,NOT,
3956,NOT,
3957,NOT,
3958,IMPLICIT,GROUP
3959,NOT,
3960,NOT,
3961,NOT,
3962,NOT,
3963,EXPLICIT,INDIVIDUAL
3964,NOT,
3965,NOT,
3966,NOT,
3967,NOT,
3968,NOT,
3969,EXPLICIT,INDIVIDUAL
3970,NOT,
3971,NOT,
3972,NOT,
3973,NOT,
3974,NOT,
3975,NOT,
3976,NOT,
3977,NOT,
3978,NOT,
3979,EXPLICIT,INDIVIDUAL
3980,EXPLICIT,OTHER
3981,NOT,
3982,NOT,
3983,NOT,
3984,IMPLICIT,INDIVIDUAL
3985,NOT,
3986,NOT,
3987,NOT,
3988,NOT,
3989,NOT,
3990,NOT,
3991,NOT,
3992,IMPLICIT,GROUP
3993,NOT,
3994,NOT,
3995,NOT,
3996,IMPLICIT,INDIVIDUAL
3997,NOT,
3998,NOT,
3999,NOT,
4000,NOT,
4001,NOT,
4002,NOT,
4003,EXPLICIT,INDIVIDUAL
4004,NOT,
4005,NOT,
4006,NOT,
4007,NOT,
4008,NOT,
4009,NOT,
4010,NOT,
4011,NOT,
4012,NOT,
4013,NOT,
4014,IMPLICIT,INDIVIDUAL
4015,EXPLICIT,GROUP
4016,NOT,
4017,NOT,
4018,NOT,
4019,EXPLICIT,GROUP
4020,NOT,
4021,EXPLICIT,INDIVIDUAL
4022,NOT,
4023,NOT,
4024,NOT,
4025,NOT,
4026,NOT,
4027,NOT,
4028,NOT,
4029,NOT,
4030,NOT,
4031,NOT,
4032,NOT,
4033,NOT,
4034,IMPLICIT,GROUP
4035,NOT,
4036,NOT,
4037,NOT,
4038,EXPLICIT,INDIVIDUAL
4039,NOT,
4040,NOT,
4041,NOT,
4042,NOT,
4043,NOT,
4044,NOT,
4045,IMPLICIT,GROUP
4046,NOT,
4047,IMPLICIT,GROUP
4048,NOT,
4049,NOT,
4050,NOT,
4051,NOT,
4052,NOT,
4053,NOT,
4054,EXPLICIT,INDIVIDUAL
4055,NOT,
4056,NOT,
4057,IMPLICIT,INDIVIDUAL
4058,IMPLICIT,GROUP
4059,NOT,
4060,NOT,
4061,NOT,
4062,IMPLICIT,INDIVIDUAL
4063,NOT,
4064,EXPLICIT,INDIVIDUAL
4065,NOT,
4066,NOT,
4067,NOT,
4068,EXPLICIT,INDIVIDUAL
4069,NOT,
4070,NOT,
4071,NOT,
4072,NOT,
4073,NOT,
4074,NOT,
4075,NOT,
4076,NOT,
4077,NOT,
4078,NOT,
4079,EXPLICIT,GROUP
4080,NOT,
4081,NOT,
4082,NOT,
4083,NOT,
4084,IMPLICIT,GROUP
4085,NOT,
4086,IMPLICIT,INDIVIDUAL
4087,NOT,
4088,IMPLICIT,OTHER
4089,NOT,
4090,NOT,
4091,NOT,
4092,NOT,
4093,IMPLICIT,INDIVIDUAL
4094,NOT,
4095,NOT,
4096,NOT,
4097,NOT,
4098,NOT,
4099,EXPLICIT,INDIVIDUAL
4100,NOT,
4101,NOT,
4102,NOT,
4103,NOT,
4104,NOT,
4105,NOT,
4106,NOT,
4107,NOT,
4108,NOT,
4109,NOT,
4110,NOT,
4111,NOT,
4112,NOT,
4113,NOT,
4114,NOT,
4115,IMPLICIT,GROUP
4116,NOT,
4117,NOT,
4118,EXPLICIT,GROUP
4119,NOT,
4120,NOT,
4121,NOT,
4122,NOT,
4123,NOT,
4124,NOT,
4125,NOT,
4126,NOT,
4127,NOT,
4128,NOT,
4129,NOT,
4130,EXPLICIT,GROUP
4131,NOT,
4132,NOT,
4133,NOT,
4134,NOT,
4135,NOT,
4136,EXPLICIT,INDIVIDUAL
4137,NOT,
4138,NOT,
4139,EXPLICIT,GROUP
4140,NOT,
4141,NOT,
4142,NOT,
4143,IMPLICIT,OTHER
4144,EXPLICIT,INDIVIDUAL
4145,NOT,
4146,NOT,
4147,NOT,
4148,NOT,
4149,NOT,
4150,NOT,
4151,NOT,
4152,NOT,
4153,IMPLICIT,INDIVIDUAL
4154,NOT,
4155,NOT,
4156,IMPLICIT,GROUP
4157,NOT,
4158,NOT,
4159,NOT,
4160,NOT,
4161,EXPLICIT,INDIVIDUAL
4162,NOT,
4163,EXPLICIT,INDIVIDUAL
4164,NOT,
4165,EXPLICIT,INDIVIDUAL
4166,NOT,
4167,EXPLICIT,GROUP
4168,EXPLICIT,INDIVIDUAL
4169,IMPLICIT,GROUP
4170,NOT,
4171,NOT,
4172,NOT,
4173,NOT,
4174,IMPLICIT,GROUP
4175,EXPLICIT,INDIVIDUAL
4176,NOT,
4177,IMPLICIT,OTHER
4178,NOT,
4179,NOT,
4180,NOT,
4181,NOT,
4182,NOT,
4183,NOT,
4184,NOT,
4185,NOT,
4186,EXPLICIT,INDIVIDUAL
4187,NOT,
4188,NOT,
4189,NOT,
4190,NOT,
4191,NOT,
4192,IMPLICIT,INDIVIDUAL
4193,NOT,
4194,NOT,
4195,IMPLICIT,INDIVIDUAL
4196,EXPLICIT,INDIVIDUAL
4197,NOT,
4198,NOT,
4199,NOT,
4200,NOT,
4201,IMPLICIT,GROUP
4202,NOT,
4203,NOT,
4204,IMPLICIT,GROUP
4205,NOT,
4206,NOT,
4207,NOT,
4208,NOT,
4209,EXPLICIT,INDIVIDUAL
4210,NOT,
4211,NOT,
4212,NOT,
4213,NOT,
4214,NOT,
4215,NOT,
4216,NOT,
4217,NOT,
4218,IMPLICIT,GROUP
4219,NOT,
4220,NOT,
4221,IMPLICIT,OTHER
4222,NOT,
4223,NOT,
4224,NOT,
4225,NOT,
4226,NOT,
4227,NOT,
4228,NOT,
4229,EXPLICIT,GROUP
4230,NOT,
4231,NOT,
4232,NOT,
4233,NOT,
4234,NOT,
4235,NOT,
4236,EXPLICIT,INDIVIDUAL
4237,NOT,
4238,EXPLICIT,GROUP
4239,NOT,
4240,NOT,
4241,NOT,
4242,NOT,
4243,NOT,
4244,NOT,
4245,NOT,
4246,NOT,
4247,NOT,
4248,NOT,
4249,EXPLICIT,GROUP
4250,NOT,
4251,NOT,
4252,NOT,
4253,IMPLICIT,OTHER
4254,NOT,
4255,NOT,
4256,NOT,
4257,NOT,
4258,EXPLICIT,INDIVIDUAL
4259,NOT,
4260,NOT,
4261,NOT,
4262,NOT,
4263,IMPLICIT,GROUP
4264,EXPLICIT,INDIVIDUAL
4265,NOT,
4266,IMPLICIT,INDIVIDUAL
4267,NOT,
4268,IMPLICIT,GROUP
4269,NOT,
4270,NOT,
4271,NOT,
4272,NOT,
4273,EXPLICIT,INDIVIDUAL
4274,NOT,
4275,NOT,
4276,NOT,
4277,NOT,
4278,EXPLICIT,INDIVIDUAL
4279,NOT,
4280,NOT,
4281,IMPLICIT,INDIVIDUAL
4282,NOT,
4283,NOT,
4284,NOT,
4285,IMPLICIT,INDIVIDUAL
4286,EXPLICIT,INDIVIDUAL
4287,NOT,
4288,NOT,
4289,NOT,
4290,NOT,
4291,NOT,
4292,NOT,
4293,NOT,
4294,NOT,
4295,NOT,
4296,NOT,
4297,NOT,
4298,NOT,
4299,NOT,
4300,NOT,
4301,NOT,
4302,NOT,
4303,NOT,
4304,NOT,
4305,NOT,
4306,NOT,
4307,NOT,
4308,NOT,
4309,IMPLICIT,INDIVIDUAL
4310,NOT,
4311,NOT,
4312,NOT,
4313,NOT,
4314,NOT,
4315,NOT,
4316,NOT,
4317,EXPLICIT,INDIVIDUAL
4318,NOT,
4319,NOT,
4320,NOT,
4321,EXPLICIT,INDIVIDUAL
4322,NOT,
4323,NOT,
4324,NOT,
4325,NOT,
4326,NOT,
4327,IMPLICIT,INDIVIDUAL
4328,EXPLICIT,INDIVIDUAL
4329,EXPLICIT,INDIVIDUAL
4330,NOT,
4331,NOT,
4332,NOT,
4333,NOT,
4334,NOT,
4335,IMPLICIT,GROUP
4336,NOT,
4337,NOT,
4338,NOT,
4339,NOT,
4340,NOT,
4341,NOT,
4342,NOT,
4343,NOT,
4344,NOT,
4345,NOT,
4346,NOT,
4347,NOT,
4348,NOT,
4349,NOT,
4350,NOT,
4351,NOT,
4352,NOT,
4353,NOT,
4354,NOT,
4355,NOT,
4356,NOT,
4357,NOT,
4358,IMPLICIT,INDIVIDUAL
4359,NOT,
4360,NOT,
4361,NOT,
4362,NOT,
4363,NOT,
4364,NOT,
4365,NOT,
4366,NOT,
4367,NOT,
4368,NOT,
4369,NOT,
4370,NOT,
4371,NOT,
4372,NOT,
4373,EXPLICIT,INDIVIDUAL
4374,NOT,
4375,NOT,
4376,EXPLICIT,INDIVIDUAL
4377,NOT,
4378,NOT,
4379,NOT,
4380,NOT,
4381,EXPLICIT,GROUP
4382,IMPLICIT,INDIVIDUAL
4383,NOT,
4384,NOT,
4385,NOT,
4386,NOT,
4387,EXPLICIT,INDIVIDUAL
4388,NOT,
4389,EXPLICIT,OTHER
4390,NOT,
4391,NOT,
4392,NOT,
4393,NOT,
4394,IMPLICIT,GROUP
4395,EXPLICIT,OTHER
4396,NOT,
4397,NOT,
4398,NOT,
4399,NOT,
4400,NOT,
4401,IMPLICIT,OTHER
4402,NOT,
4403,NOT,
4404,NOT,
4405,IMPLICIT,GROUP
4406,NOT,
4407,NOT,
4408,EXPLICIT,INDIVIDUAL
4409,NOT,
4410,NOT,
4411,NOT,
4412,NOT,
4413,NOT,
4414,NOT,
4415,NOT,
4416,NOT,
4417,EXPLICIT,GROUP
4418,NOT,
4419,NOT,
4420,NOT,
4421,NOT,
4422,NOT,
4423,NOT,
4424,EXPLICIT,OTHER
4425,IMPLICIT,INDIVIDUAL
4426,NOT,
4427,NOT,
4428,NOT,
4429,NOT,
4430,NOT,
4431,NOT,
4432,EXPLICIT,INDIVIDUAL
4433,NOT,
4434,NOT,
4435,NOT,
4436,NOT,
4437,EXPLICIT,OTHER
4438,NOT,
4439,IMPLICIT,INDIVIDUAL
4440,NOT,
4441,EXPLICIT,INDIVIDUAL
4442,IMPLICIT,INDIVIDUAL
4443,NOT,
4444,NOT,
4445,NOT,
4446,NOT,
4447,NOT,
4448,EXPLICIT,OTHER
4449,EXPLICIT,INDIVIDUAL
4450,NOT,
4451,EXPLICIT,INDIVIDUAL
4452,EXPLICIT,INDIVIDUAL
4453,NOT,
4454,NOT,
4455,NOT,
4456,IMPLICIT,INDIVIDUAL
4457,NOT,
4458,NOT,
4459,NOT,
4460,EXPLICIT,GROUP
4461,NOT,
4462,NOT,
4463,NOT,
4464,NOT,
4465,NOT,
4466,NOT,
4467,NOT,
4468,NOT,
4469,NOT,
4470,IMPLICIT,INDIVIDUAL
4471,NOT,
4472,NOT,
4473,NOT,
4474,NOT,
4475,NOT,
4476,EXPLICIT,GROUP
4477,NOT,
4478,NOT,
4479,EXPLICIT,GROUP
4480,NOT,
4481,NOT,
4482,NOT,
4483,NOT,
4484,EXPLICIT,GROUP
4485,NOT,
4486,NOT,
4487,NOT,
4488,NOT,
4489,NOT,
4490,NOT,
4491,NOT,
4492,NOT,
4493,NOT,
4494,NOT,
4495,NOT,
4496,NOT,
4497,NOT,
4498,NOT,
4499,EXPLICIT,INDIVIDUAL
4500,EXPLICIT,GROUP
4501,NOT,
4502,EXPLICIT,INDIVIDUAL
4503,NOT,
4504,NOT,
4505,NOT,
4506,NOT,
4507,IMPLICIT,GROUP
4508,NOT,
4509,NOT,
4510,NOT,
4511,IMPLICIT,GROUP
4512,NOT,
4513,NOT,
4514,NOT,
4515,NOT,
4516,IMPLICIT,GROUP
4517,NOT,
4518,IMPLICIT,INDIVIDUAL
4519,NOT,
4520,NOT,
4521,NOT,
4522,NOT,
4523,NOT,
4524,NOT,
4525,NOT,
4526,NOT,
4527,NOT,
4528,NOT,
4529,NOT,
4530,NOT,
4531,IMPLICIT,INDIVIDUAL
4532,NOT,
4533,NOT,
4534,IMPLICIT,GROUP
4535,NOT,
4536,EXPLICIT,GROUP
4537,NOT,
4538,EXPLICIT,OTHER
4539,NOT,
4540,NOT,
4541,NOT,
4542,EXPLICIT,GROUP
4543,NOT,
4544,NOT,
4545,EXPLICIT,INDIVIDUAL
4546,EXPLICIT,GROUP
4547,NOT,
4548,NOT,
4549,NOT,
4550,NOT,
4551,NOT,
4552,NOT,
4553,NOT,
4554,NOT,
4555,NOT,
4556,EXPLICIT,OTHER
4557,NOT,
4558,IMPLICIT,INDIVIDUAL
4559,EXPLICIT,OTHER
4560,NOT,
4561,NOT,
4562,IMPLICIT,GROUP
4563,NOT,
4564,NOT,
4565,NOT,
4566,EXPLICIT,INDIVIDUAL
4567,NOT,
4568,NOT,
4569,NOT,
4570,NOT,
4571,EXPLICIT,INDIVIDUAL
4572,NOT,
4573,NOT,
4574,NOT,
4575,NOT,
4576,NOT,
4577,NOT,
4578,NOT,
4579,NOT,
4580,NOT,
4581,NOT,
4582,EXPLICIT,INDIVIDUAL
4583,NOT,
4584,NOT,
4585,NOT,
4586,NOT,
4587,NOT,
4588,NOT,
4589,NOT,
4590,NOT,
4591,EXPLICIT,GROUP
4592,NOT,
4593,NOT,
4594,NOT,
4595,NOT,
4596,IMPLICIT,GROUP
4597,NOT,
4598,NOT,
4599,NOT,
4600,NOT,
4601,NOT,
4602,EXPLICIT,GROUP
4603,NOT,
4604,NOT,
4605,NOT,
4606,NOT,
4607,EXPLICIT,INDIVIDUAL
4608,NOT,
4609,NOT,
4610,NOT,
4611,IMPLICIT,INDIVIDUAL
4612,NOT,
4613,IMPLICIT,INDIVIDUAL
4614,NOT,
4615,NOT,
4616,NOT,
4617,NOT,
4618,NOT,
4619,NOT,
4620,EXPLICIT,GROUP
4621,NOT,
4622,NOT,
4623,NOT,
4624,NOT,
4625,NOT,
4626,NOT,
4627,NOT,
4628,NOT,
4629,NOT,
4630,NOT,
4631,NOT,
4632,NOT,
4633,NOT,
4634,NOT,
4635,NOT,
4636,NOT,
4637,NOT,
4638,EXPLICIT,INDIVIDUAL
4639,NOT,
4640,NOT,
4641,NOT,
4642,NOT,
4643,EXPLICIT,GROUP
4644,NOT,
4645,NOT,
4646,NOT,
4647,IMPLICIT,INDIVIDUAL
4648,EXPLICIT,GROUP
4649,NOT,
4650,NOT,
4651,NOT,
4652,NOT,
4653,NOT,
4654,EXPLICIT,GROUP
4655,EXPLICIT,INDIVIDUAL
4656,NOT,
4657,IMPLICIT,INDIVIDUAL
4658,EXPLICIT,INDIVIDUAL
4659,NOT,
4660,EXPLICIT,INDIVIDUAL
4661,NOT,
4662,NOT,
4663,NOT,
4664,NOT,
4665,NOT,
4666,EXPLICIT,INDIVIDUAL
4667,NOT,
4668,NOT,
4669,NOT,
4670,NOT,
4671,NOT,
4672,EXPLICIT,INDIVIDUAL
4673,IMPLICIT,INDIVIDUAL
4674,NOT,
4675,NOT,
4676,NOT,
4677,NOT,
4678,NOT,
4679,NOT,
4680,NOT,
4681,NOT,
4682,NOT,
4683,NOT,
4684,NOT,
4685,NOT,
4686,NOT,
4687,IMPLICIT,INDIVIDUAL
4688,NOT,
4689,NOT,
4690,NOT,
4691,NOT,
4692,NOT,
4693,NOT,
4694,NOT,
4695,NOT,
4696,NOT,
4697,NOT,
4698,NOT,
4699,NOT,
4700,NOT,
4701,NOT,
4702,NOT,
4703,NOT,
4704,NOT,
4705,NOT,
4706,NOT,
4707,NOT,
4708,NOT,
4709,IMPLICIT,INDIVIDUAL
4710,NOT,
4711,NOT,
4712,NOT,
4713,EXPLICIT,GROUP
4714,NOT,
4715,NOT,
4716,NOT,
4717,NOT,
4718,NOT,
4719,NOT,
4720,NOT,
4721,NOT,
4722,NOT,
4723,NOT,
4724,NOT,
4725,NOT,
4726,NOT,
4727,EXPLICIT,GROUP
4728,NOT,
4729,NOT,
4730,IMPLICIT,GROUP
4731,NOT,
4732,IMPLICIT,INDIVIDUAL
4733,NOT,
4734,NOT,
4735,NOT,
4736,NOT,
4737,NOT,
4738,NOT,
4739,NOT,
4740,NOT,
4741,EXPLICIT,GROUP
4742,NOT,
4743,NOT,
4744,NOT,
4745,NOT,
4746,EXPLICIT,GROUP
4747,NOT,
4748,EXPLICIT,OTHER
4749,NOT,
4750,NOT,
4751,NOT,
4752,IMPLICIT,GROUP
4753,NOT,
4754,NOT,
4755,NOT,
4756,NOT,
4757,IMPLICIT,GROUP
4758,NOT,
4759,NOT,
4760,NOT,
4761,NOT,
4762,EXPLICIT,GROUP
4763,NOT,
4764,NOT,
4765,NOT,
4766,EXPLICIT,INDIVIDUAL
4767,NOT,
4768,NOT,
4769,NOT,
4770,NOT,
4771,IMPLICIT,INDIVIDUAL
4772,IMPLICIT,OTHER
4773,NOT,
4774,NOT,
4775,NOT,
4776,NOT,
4777,IMPLICIT,GROUP
4778,NOT,
4779,NOT,
4780,NOT,
4781,NOT,
4782,NOT,
4783,NOT,
4784,NOT,
4785,NOT,
4786,EXPLICIT,GROUP
4787,NOT,
4788,NOT,
4789,NOT,
4790,NOT,
4791,NOT,
4792,NOT,
4793,NOT,
4794,EXPLICIT,GROUP
4795,NOT,
4796,NOT,
4797,NOT,
4798,NOT,
4799,EXPLICIT,INDIVIDUAL
4800,NOT,
4801,NOT,
4802,IMPLICIT,GROUP
4803,NOT,
4804,NOT,
4805,NOT,
4806,NOT,
4807,IMPLICIT,INDIVIDUAL
4808,NOT,
4809,NOT,
4810,NOT,
4811,NOT,
4812,NOT,
4813,NOT,
4814,NOT,
4815,NOT,
4816,NOT,
4817,NOT,
4818,NOT,
4819,NOT,
4820,NOT,
4821,NOT,
4822,IMPLICIT,GROUP
4823,NOT,
4824,NOT,
4825,NOT,
4826,NOT,
4827,IMPLICIT,INDIVIDUAL
4828,NOT,
4829,EXPLICIT,INDIVIDUAL
4830,NOT,
4831,EXPLICIT,INDIVIDUAL
4832,NOT,
4833,NOT,
4834,IMPLICIT,INDIVIDUAL
4835,NOT,
4836,EXPLICIT,GROUP
4837,NOT,
4838,EXPLICIT,GROUP
4839,NOT,
4840,NOT,
4841,NOT,
4842,NOT,
4843,NOT,
4844,NOT,
4845,EXPLICIT,GROUP
4846,NOT,
4847,NOT,
4848,NOT,
4849,NOT,
4850,NOT,
4851,NOT,
4852,EXPLICIT,GROUP
4853,NOT,
4854,NOT,
4855,NOT,
4856,NOT,
4857,NOT,
4858,EXPLICIT,GROUP
4859,EXPLICIT,GROUP
4860,NOT,
4861,NOT,
4862,EXPLICIT,INDIVIDUAL
4863,NOT,
4864,EXPLICIT,OTHER
4865,NOT,
4866,NOT,
4867,NOT,
4868,NOT,
4869,IMPLICIT,GROUP
4870,EXPLICIT,INDIVIDUAL
4871,IMPLICIT,GROUP
4872,NOT,
4873,EXPLICIT,INDIVIDUAL
4874,NOT,
4875,NOT,
4876,IMPLICIT,GROUP
4877,NOT,
4878,NOT,
4879,NOT,
4880,EXPLICIT,INDIVIDUAL
4881,EXPLICIT,INDIVIDUAL
4882,NOT,
4883,NOT,
4884,NOT,
4885,NOT,
4886,NOT,
4887,NOT,
4888,IMPLICIT,GROUP
4889,NOT,
4890,NOT,
4891,NOT,
4892,EXPLICIT,INDIVIDUAL
4893,NOT,
4894,NOT,
4895,NOT,
4896,EXPLICIT,GROUP
4897,NOT,
4898,NOT,
4899,NOT,
4900,NOT,
4901,NOT,
4902,NOT,
4903,NOT,
4904,NOT,
4905,NOT,
4906,NOT,
4907,NOT,
4908,NOT,
4909,NOT,
4910,NOT,
4911,EXPLICIT,INDIVIDUAL
4912,EXPLICIT,INDIVIDUAL
4913,NOT,
4914,NOT,
4915,EXPLICIT,INDIVIDUAL
4916,IMPLICIT,OTHER
4917,NOT,
4918,NOT,
4919,NOT,
4920,IMPLICIT,GROUP
4921,NOT,
4922,NOT,
4923,NOT,
4924,NOT,
4925,NOT,
4926,NOT,
4927,NOT,
4928,NOT,
4929,NOT,
4930,NOT,
4931,NOT,
4932,EXPLICIT,INDIVIDUAL
4933,IMPLICIT,INDIVIDUAL
4934,NOT,
4935,NOT,
4936,EXPLICIT,INDIVIDUAL
4937,NOT,
4938,NOT,
4939,IMPLICIT,INDIVIDUAL
4940,IMPLICIT,OTHER
4941,EXPLICIT,GROUP
4942,NOT,
4943,NOT,
4944,NOT,
4945,NOT,
4946,NOT,
4947,NOT,
4948,NOT,
4949,IMPLICIT,INDIVIDUAL
4950,NOT,
4951,IMPLICIT,INDIVIDUAL
4952,NOT,
4953,NOT,
4954,NOT,
4955,IMPLICIT,GROUP
4956,NOT,
4957,NOT,
4958,NOT,
4959,EXPLICIT,INDIVIDUAL
4960,NOT,
4961,NOT,
4962,NOT,
4963,NOT,
4964,NOT,
4965,NOT,
4966,NOT,
4967,NOT,
4968,NOT,
4969,NOT,
4970,NOT,
4971,NOT,
4972,NOT,
4973,NOT,
4974,EXPLICIT,INDIVIDUAL
4975,EXPLICIT,INDIVIDUAL
4976,EXPLICIT,GROUP
4977,NOT,
4978,NOT,
4979,IMPLICIT,INDIVIDUAL
4980,NOT,
4981,NOT,
4982,NOT,
4983,NOT,
4984,NOT,
4985,NOT,
4986,NOT,
4987,NOT,
4988,NOT,
4989,NOT,
4990,NOT,
4991,NOT,
4992,NOT,
4993,NOT,
4994,IMPLICIT,OTHER
4995,NOT,
4996,EXPLICIT,INDIVIDUAL
4997,EXPLICIT,INDIVIDUAL
4998,EXPLICIT,INDIVIDUAL
4999,NOT,
5000,EXPLICIT,OTHER
5001,NOT,
5002,NOT,
5003,NOT,
5004,NOT,
5005,NOT,
5006,NOT,
5007,NOT,
5008,EXPLICIT,OTHER
5009,NOT,
5010,NOT,
5011,NOT,
5012,NOT,
5013,NOT,
5014,IMPLICIT,INDIVIDUAL
5015,NOT,
5016,NOT,
5017,NOT,
5018,NOT,
5019,NOT,
5020,NOT,
5021,NOT,
5022,IMPLICIT,GROUP
5023,NOT,
5024,NOT,
5025,NOT,
5026,NOT,
5027,NOT,
5028,EXPLICIT,INDIVIDUAL
5029,NOT,
5030,NOT,
5031,NOT,
5032,IMPLICIT,INDIVIDUAL
5033,NOT,
5034,NOT,
5035,EXPLICIT,GROUP
5036,NOT,
5037,NOT,
5038,NOT,
5039,NOT,
5040,EXPLICIT,INDIVIDUAL
5041,NOT,
5042,NOT,
5043,NOT,
5044,IMPLICIT,GROUP
5045,NOT,
5046,NOT,
5047,NOT,
5048,NOT,
5049,NOT,
5050,NOT,
5051,IMPLICIT,INDIVIDUAL
5052,NOT,
5053,NOT,
5054,NOT,
5055,NOT,
5056,NOT,
5057,IMPLICIT,OTHER
5058,EXPLICIT,GROUP
5059,EXPLICIT,INDIVIDUAL
5060,NOT,
5061,NOT,
5062,NOT,
5063,NOT,
5064,NOT,
5065,NOT,
5066,NOT,
5067,NOT,
5068,NOT,
5069,NOT,
5070,NOT,
5071,NOT,
5072,NOT,
5073,EXPLICIT,INDIVIDUAL
5074,NOT,
5075,NOT,
5076,NOT,
5077,NOT,
5078,NOT,
5079,NOT,
5080,NOT,
5081,NOT,
5082,NOT,
5083,NOT,
5084,NOT,
5085,NOT,
5086,NOT,
5087,NOT,
5088,NOT,
5089,NOT,
5090,NOT,
5091,NOT,
5092,NOT,
5093,NOT,
5094,NOT,
5095,NOT,
5096,NOT,
5097,NOT,
5098,EXPLICIT,OTHER
5099,NOT,
5100,NOT,
5101,IMPLICIT,INDIVIDUAL
5102,NOT,
5103,EXPLICIT,OTHER
5104,NOT,
5105,NOT,
5106,NOT,
5107,NOT,
5108,EXPLICIT,OTHER
5109,NOT,
5110,NOT,
5111,NOT,
5112,NOT,
5113,NOT,
5114,NOT,
5115,EXPLICIT,INDIVIDUAL
5116,NOT,
5117,EXPLICIT,INDIVIDUAL
5118,NOT,
5119,NOT,
5120,NOT,
5121,NOT,
5122,EXPLICIT,GROUP
5123,IMPLICIT,INDIVIDUAL
5124,NOT,
5125,NOT,
5126,NOT,
5127,IMPLICIT,INDIVIDUAL
5128,NOT,
5129,NOT,
5130,NOT,
5131,NOT,
5132,EXPLICIT,INDIVIDUAL
5133,NOT,
5134,NOT,
5135,NOT,
5136,EXPLICIT,GROUP
5137,NOT,
5138,NOT,
5139,NOT,
5140,NOT,
5141,NOT,
5142,NOT,
5143,NOT,
5144,NOT,
5145,NOT,
5146,NOT,
5147,NOT,
5148,NOT,
5149,NOT,
5150,NOT,
5151,NOT,
5152,NOT,
5153,IMPLICIT,GROUP
5154,NOT,
5155,NOT,
5156,NOT,
5157,EXPLICIT,INDIVIDUAL
5158,NOT,
5159,EXPLICIT,INDIVIDUAL
5160,EXPLICIT,OTHER
5161,EXPLICIT,GROUP
5162,NOT,
5163,NOT,
5164,NOT,
5165,NOT,
5166,NOT,
5167,NOT,
5168,NOT,
5169,NOT,
5170,IMPLICIT,INDIVIDUAL
5171,NOT,
5172,NOT,
5173,EXPLICIT,INDIVIDUAL
5174,NOT,
5175,NOT,
5176,NOT,
5177,NOT,
5178,EXPLICIT,OTHER
5179,NOT,
5180,NOT,
5181,NOT,
5182,IMPLICIT,INDIVIDUAL
5183,NOT,
5184,NOT,
5185,NOT,
5186,NOT,
5187,NOT,
5188,NOT,
5189,NOT,
5190,NOT,
5191,NOT,
5192,NOT,
5193,NOT,
5194,NOT,
5195,NOT,
5196,NOT,
5197,NOT,
5198,NOT,
5199,EXPLICIT,GROUP
5200,NOT,
5201,NOT,
5202,NOT,
5203,NOT,
5204,NOT,
5205,NOT,
5206,NOT,
5207,EXPLICIT,INDIVIDUAL
5208,EXPLICIT,INDIVIDUAL
5209,IMPLICIT,INDIVIDUAL
5210,NOT,
5211,NOT,
5212,NOT,
5213,EXPLICIT,INDIVIDUAL
5214,NOT,
5215,NOT,
5216,EXPLICIT,GROUP
5217,NOT,
5218,NOT,
5219,NOT,
5220,NOT,
5221,NOT,
5222,NOT,
5223,NOT,
5224,NOT,
5225,NOT,
5226,IMPLICIT,INDIVIDUAL
5227,NOT,
5228,NOT,
5229,NOT,
5230,NOT,
5231,NOT,
5232,NOT,
5233,EXPLICIT,INDIVIDUAL
5234,NOT,
5235,NOT,
5236,NOT,
5237,NOT,
5238,NOT,
5239,NOT,
5240,NOT,
5241,NOT,
5242,NOT,
5243,EXPLICIT,GROUP
5244,NOT,
5245,NOT,
5246,NOT,
5247,NOT,
5248,NOT,
5249,NOT,
5250,NOT,
5251,NOT,
5252,NOT,
5253,EXPLICIT,GROUP
5254,NOT,
5255,NOT,
5256,NOT,
5257,NOT,
5258,IMPLICIT,INDIVIDUAL
5259,NOT,
5260,IMPLICIT,INDIVIDUAL
5261,NOT,
5262,EXPLICIT,INDIVIDUAL
5263,NOT,
5264,NOT,
5265,NOT,
5266,NOT,
5267,NOT,
5268,NOT,
5269,NOT,
5270,EXPLICIT,INDIVIDUAL
5271,NOT,
5272,NOT,
5273,EXPLICIT,GROUP
5274,NOT,
5275,NOT,
5276,NOT,
5277,EXPLICIT,INDIVIDUAL
5278,NOT,
5279,NOT,
5280,EXPLICIT,GROUP
5281,NOT,
5282,EXPLICIT,GROUP
5283,NOT,
5284,NOT,
5285,NOT,
5286,NOT,
5287,NOT,
5288,NOT,
5289,NOT,
5290,IMPLICIT,GROUP
5291,IMPLICIT,GROUP
5292,NOT,
5293,NOT,
5294,NOT,
5295,NOT,
5296,NOT,
5297,NOT,
5298,NOT,
5299,NOT,
5300,NOT,
5301,NOT,
5302,NOT,
5303,NOT,
5304,EXPLICIT,INDIVIDUAL
5305,NOT,
5306,NOT,
5307,NOT,
5308,NOT,
5309,IMPLICIT,INDIVIDUAL
5310,NOT,
5311,NOT,
5312,NOT,
5313,NOT,
5314,NOT,
5315,NOT,
5316,NOT,
5317,NOT,
5318,NOT,
5319,EXPLICIT,OTHER
5320,NOT,
5321,IMPLICIT,INDIVIDUAL
5322,NOT,
5323,NOT,
5324,NOT,
5325,NOT,
5326,NOT,
5327,EXPLICIT,GROUP
5328,NOT,
5329,NOT,
5330,EXPLICIT,INDIVIDUAL
5331,NOT,
5332,NOT,
5333,NOT,
5334,NOT,
5335,IMPLICIT,INDIVIDUAL
5336,EXPLICIT,GROUP
5337,NOT,
5338,NOT,
5339,NOT,
5340,EXPLICIT,INDIVIDUAL
5341,NOT,
5342,NOT,
5343,EXPLICIT,INDIVIDUAL
5344,NOT,
5345,NOT,
5346,NOT,
5347,NOT,
5348,NOT,
5349,EXPLICIT,GROUP
5350,NOT,
5351,NOT,
5352,NOT,
5353,EXPLICIT,INDIVIDUAL
5354,NOT,
5355,NOT,
5356,NOT,
5357,NOT,
5358,NOT,
5359,NOT,
5360,NOT,
5361,EXPLICIT,GROUP
5362,IMPLICIT,GROUP
5363,NOT,
5364,IMPLICIT,GROUP
5365,NOT,
5366,NOT,
5367,NOT,
5368,NOT,
5369,NOT,
5370,NOT,
5371,EXPLICIT,GROUP
5372,NOT,
5373,EXPLICIT,INDIVIDUAL
5374,NOT,
5375,EXPLICIT,OTHER
5376,NOT,
5377,IMPLICIT,GROUP
5378,NOT,
5379,NOT,
5380,NOT,
5381,NOT,
5382,EXPLICIT,GROUP
5383,NOT,
5384,NOT,
5385,IMPLICIT,INDIVIDUAL
5386,NOT,
5387,NOT,
5388,NOT,
5389,NOT,
5390,NOT,
5391,NOT,
5392,NOT,
5393,NOT,
5394,NOT,
5395,IMPLICIT,INDIVIDUAL
5396,NOT,
5397,NOT,
5398,NOT,
5399,NOT,
5400,NOT,
5401,NOT,
5402,NOT,
5403,NOT,
5404,NOT,
5405,NOT,
5406,EXPLICIT,INDIVIDUAL
5407,NOT,
5408,IMPLICIT,GROUP
5409,IMPLICIT,GROUP
5410,NOT,
5411,NOT,
5412,IMPLICIT,GROUP
5413,NOT,
5414,NOT,
5415,IMPLICIT,INDIVIDUAL
5416,NOT,
5417,NOT,
5418,NOT,
5419,NOT,
5420,NOT,
5421,NOT,
5422,EXPLICIT,INDIVIDUAL
5423,NOT,
5424,IMPLICIT,INDIVIDUAL
5425,IMPLICIT,OTHER
5426,EXPLICIT,INDIVIDUAL
5427,NOT,
5428,IMPLICIT,INDIVIDUAL
5429,NOT,
5430,NOT,
5431,NOT,
5432,NOT,
5433,NOT,
5434,NOT,
5435,NOT,
5436,IMPLICIT,INDIVIDUAL
5437,NOT,
5438,EXPLICIT,INDIVIDUAL
5439,NOT,
5440,NOT,
5441,NOT,
5442,NOT,
5443,IMPLICIT,INDIVIDUAL
5444,IMPLICIT,GROUP
5445,NOT,
5446,NOT,
5447,NOT,
5448,NOT,
5449,NOT,
5450,NOT,
5451,IMPLICIT,OTHER
5452,NOT,
5453,IMPLICIT,GROUP
5454,IMPLICIT,INDIVIDUAL
5455,IMPLICIT,INDIVIDUAL
5456,NOT,
5457,NOT,
5458,IMPLICIT,OTHER
5459,NOT,
5460,EXPLICIT,GROUP
5461,NOT,
5462,NOT,
5463,NOT,
5464,NOT,
5465,EXPLICIT,GROUP
5466,NOT,
5467,NOT,
5468,NOT,
5469,NOT,
5470,NOT,
5471,NOT,
5472,NOT,
5473,NOT,
5474,NOT,
5475,NOT,
5476,EXPLICIT,INDIVIDUAL
5477,NOT,
5478,NOT,
5479,EXPLICIT,INDIVIDUAL
5480,NOT,
5481,NOT,
5482,IMPLICIT,INDIVIDUAL
5483,NOT,
5484,EXPLICIT,OTHER
5485,NOT,
5486,NOT,
5487,NOT,
5488,NOT,
5489,NOT,
5490,NOT,
5491,NOT,
5492,NOT,
5493,NOT,
5494,IMPLICIT,INDIVIDUAL
5495,EXPLICIT,GROUP
5496,NOT,
5497,NOT,
5498,NOT,
5499,NOT,
5500,IMPLICIT,GROUP
5501,NOT,
5502,NOT,
5503,NOT,
5504,NOT,
5505,NOT,
5506,NOT,
5507,NOT,
5508,NOT,
5509,NOT,
5510,NOT,
5511,NOT,
5512,EXPLICIT,INDIVIDUAL
5513,IMPLICIT,INDIVIDUAL
5514,EXPLICIT,INDIVIDUAL
5515,NOT,
5516,NOT,
5517,NOT,
5518,NOT,
5519,EXPLICIT,GROUP
5520,NOT,
5521,NOT,
5522,EXPLICIT,INDIVIDUAL
5523,NOT,
5524,NOT,
5525,NOT,
5526,NOT,
5527,EXPLICIT,INDIVIDUAL
5528,IMPLICIT,INDIVIDUAL
5529,EXPLICIT,INDIVIDUAL
5530,NOT,
5531,NOT,
5532,NOT,
5533,NOT,
5534,NOT,
5535,EXPLICIT,INDIVIDUAL
5536,NOT,
5537,IMPLICIT,GROUP
5538,NOT,
5539,NOT,
5540,NOT,
5541,NOT,
5542,IMPLICIT,GROUP
5543,NOT,
5544,NOT,
5545,NOT,
5546,NOT,
5547,NOT,
5548,EXPLICIT,INDIVIDUAL
5549,NOT,
5550,NOT,
5551,IMPLICIT,GROUP
5552,NOT,
5553,NOT,
5554,NOT,
5555,NOT,
5556,NOT,
5557,NOT,
5558,EXPLICIT,GROUP
5559,IMPLICIT,GROUP
5560,EXPLICIT,INDIVIDUAL
5561,EXPLICIT,INDIVIDUAL
5562,IMPLICIT,INDIVIDUAL
5563,NOT,
5564,NOT,
5565,NOT,
5566,IMPLICIT,GROUP
5567,EXPLICIT,INDIVIDUAL
5568,EXPLICIT,GROUP
5569,NOT,
5570,NOT,
5571,NOT,
5572,NOT,
5573,IMPLICIT,GROUP
5574,NOT,
5575,NOT,
5576,NOT,
5577,NOT,
5578,NOT,
5579,NOT,
5580,NOT,
5581,NOT,
5582,NOT,
5583,IMPLICIT,GROUP
5584,NOT,
5585,NOT,
5586,NOT,
5587,EXPLICIT,GROUP
5588,IMPLICIT,INDIVIDUAL
5589,NOT,
5590,NOT,
5591,EXPLICIT,GROUP
5592,IMPLICIT,GROUP
5593,NOT,
5594,EXPLICIT,INDIVIDUAL
5595,NOT,
5596,NOT,
5597,IMPLICIT,GROUP
5598,NOT,
5599,NOT,
5600,IMPLICIT,OTHER
5601,IMPLICIT,INDIVIDUAL
5602,NOT,
5603,NOT,
5604,NOT,
5605,NOT,
5606,NOT,
5607,NOT,
5608,EXPLICIT,INDIVIDUAL
5609,NOT,
5610,NOT,
5611,NOT,
5612,NOT,
5613,NOT,
5614,NOT,
5615,NOT,
5616,NOT,
5617,NOT,
5618,NOT,
5619,NOT,
5620,NOT,
5621,NOT,
5622,EXPLICIT,INDIVIDUAL
5623,NOT,
5624,NOT,
5625,NOT,
5626,EXPLICIT,INDIVIDUAL
5627,NOT,
5628,NOT,
5629,NOT,
5630,IMPLICIT,INDIVIDUAL
5631,NOT,
5632,EXPLICIT,INDIVIDUAL
5633,EXPLICIT,GROUP
5634,NOT,
5635,NOT,
5636,EXPLICIT,INDIVIDUAL
5637,NOT,
5638,NOT,
5639,NOT,
5640,IMPLICIT,GROUP
5641,NOT,
5642,NOT,
5643,NOT,
5644,NOT,
5645,NOT,
5646,IMPLICIT,GROUP
5647,NOT,
5648,NOT,
5649,NOT,
5650,NOT,
5651,NOT,
5652,NOT,
5653,IMPLICIT,GROUP
5654,NOT,
5655,NOT,
5656,EXPLICIT,GROUP
5657,NOT,GROUP
5658,NOT,
5659,NOT,
5660,NOT,
5661,NOT,
5662,NOT,
5663,NOT,
5664,NOT,
5665,NOT,
5666,NOT,
5667,NOT,
5668,NOT,
5669,NOT,
5670,NOT,
5671,NOT,
5672,NOT,
5673,NOT,
5674,NOT,
5675,NOT,
5676,NOT,
5677,NOT,
5678,NOT,
5679,IMPLICIT,GROUP
5680,NOT,
5681,NOT,
5682,NOT,
5683,NOT,
5684,NOT,
5685,NOT,
5686,NOT,
5687,IMPLICIT,INDIVIDUAL
5688,NOT,
5689,NOT,
5690,IMPLICIT,GROUP
5691,NOT,
5692,NOT,
5693,NOT,
5694,EXPLICIT,GROUP
5695,NOT,
5696,NOT,
5697,NOT,
5698,NOT,
5699,NOT,
5700,NOT,
5701,NOT,
5702,NOT,
5703,IMPLICIT,INDIVIDUAL
5704,NOT,
5705,NOT,
